PassengerId,Transported,Probabilidad
0013_01,True,0.5483
0018_01,False,0.0141
0019_01,True,0.9881
0021_01,True,0.9888
0023_01,True,0.5553
0027_01,True,0.6216
0029_01,True,0.9771
0032_01,True,0.9769
0032_02,True,0.9865
0033_01,True,0.5194
0037_01,False,0.1928
0040_01,False,0.1588
0040_02,True,0.5413
0042_01,True,0.5786
0046_01,False,0.0422
0046_02,False,0.1597
0046_03,False,0.2177
0047_01,True,0.987
0047_02,True,0.7377
0047_03,False,0.0127
0048_01,True,0.5982
0049_01,False,0.0529
0054_01,True,0.9748
0054_02,True,0.7763
0054_03,False,0.267
0055_01,False,0.0772
0057_01,True,0.939
0059_01,True,0.6659
0060_01,True,0.5837
0063_01,True,0.567
0065_01,True,0.5483
0075_01,False,0.1076
0079_01,False,0.4744
0080_01,False,0.3973
0083_01,False,0.0903
0087_01,False,0.105
0089_01,True,0.9711
0093_01,True,0.6476
0094_01,False,0.4457
0094_02,False,0.1714
0095_01,True,0.7004
0096_01,False,0.39
0100_01,True,0.5499
0100_02,True,0.536
0104_01,False,0.1956
0106_01,True,0.8191
0109_01,False,0.1477
0117_01,False,0.1994
0118_01,False,0.4618
0121_01,False,0.111
0124_01,False,0.4618
0125_01,True,0.9785
0125_02,False,0.0311
0130_01,False,0.4925
0131_01,False,0.3227
0132_01,True,0.9113
0135_01,False,0.3688
0137_01,True,0.5483
0142_01,True,0.9826
0142_02,False,0.2529
0142_03,True,0.9656
0143_01,True,0.8948
0145_01,False,0.1158
0150_01,True,0.9675
0150_02,True,0.9743
0153_01,False,0.2444
0154_01,True,0.5052
0155_01,False,0.0902
0156_01,True,0.65
0157_01,False,0.1038
0158_01,False,0.2905
0158_02,True,0.5711
0159_01,False,0.1244
0161_01,False,0.0878
0162_01,True,0.9387
0166_01,True,0.5145
0168_01,True,0.9881
0175_01,True,0.7288
0175_02,False,0.3467
0175_03,True,0.5078
0175_04,False,0.454
0175_05,False,0.2829
0176_01,False,0.1491
0180_01,False,0.2053
0184_01,True,0.5654
0185_01,True,0.8176
0187_01,True,0.9448
0191_01,False,0.1407
0194_01,True,0.9432
0194_02,True,0.9663
0194_03,False,0.0014
0204_01,False,0.0934
0208_01,False,0.2243
0209_01,False,0.0019
0214_01,False,0.0321
0214_02,False,0.0684
0215_01,True,0.5736
0218_01,False,0.1318
0226_01,True,0.9607
0227_01,False,0.4504
0228_01,True,0.9847
0228_02,True,0.9364
0228_03,True,0.9911
0228_04,False,0.0036
0230_01,True,0.7155
0230_02,False,0.2125
0235_01,True,0.5467
0236_01,True,0.9561
0238_01,False,0.0529
0247_01,True,0.9777
0247_02,True,0.9777
0249_01,False,0.0882
0256_01,True,0.538
0259_01,True,0.9084
0262_01,False,0.1148
0264_01,True,0.9899
0264_02,True,0.9847
0264_03,False,0.0024
0266_01,False,0.1397
0266_02,False,0.1552
0268_01,False,0.097
0268_02,False,0.2068
0271_01,False,0.1291
0272_01,False,0.145
0273_01,True,0.9855
0273_02,True,0.9684
0273_03,False,0.0957
0274_01,False,0.0219
0274_02,True,0.5514
0276_01,False,0.0236
0276_02,True,0.9859
0279_01,False,0.1491
0280_01,True,0.5898
0284_01,True,0.7917
0292_01,False,0.1327
0293_01,True,0.977
0295_01,False,0.3513
0296_01,False,0.1982
0299_01,False,0.1763
0300_01,False,0.0353
0308_01,True,0.5648
0311_01,True,0.5579
0312_01,True,0.5736
0317_01,False,0.1293
0318_01,True,0.5856
0319_01,False,0.1236
0319_02,True,0.947
0323_01,True,0.7153
0325_01,False,0.4206
0328_01,True,0.5774
0329_01,True,0.9743
0332_01,True,0.5736
0335_01,False,0.2942
0339_01,False,0.1566
0339_02,False,0.0742
0339_03,False,0.3474
0339_04,True,0.5366
0339_05,True,0.5326
0339_06,False,0.0378
0339_07,False,0.0903
0339_08,False,0.1045
0342_01,True,0.5969
0342_02,True,0.5468
0344_01,True,0.9563
0344_02,False,0.0207
0349_01,False,0.0015
0349_02,True,0.9383
0349_03,False,0.1134
0349_04,True,0.972
0349_05,False,0.2165
0349_06,False,0.0439
0351_01,True,0.953
0353_01,True,0.6604
0353_02,True,0.6884
0354_01,True,0.7134
0362_01,True,0.7843
0363_01,True,0.5156
0363_02,True,0.5472
0363_03,True,0.6724
0364_01,True,0.5987
0364_02,False,0.112
0366_01,True,0.5459
0367_01,False,0.0022
0374_01,False,0.1679
0374_02,False,0.074
0386_01,False,0.0693
0390_01,True,0.5233
0393_01,False,0.0209
0394_01,True,0.5819
0399_01,True,0.5933
0400_01,True,0.9505
0404_01,True,0.841
0406_01,False,0.204
0414_01,False,0.0703
0416_01,False,0.149
0418_01,False,0.1319
0419_01,True,0.6107
0419_02,True,0.7171
0419_03,True,0.5997
0420_01,False,0.1612
0421_01,True,0.9745
0422_01,False,0.1764
0424_01,False,0.1156
0426_01,False,0.1136
0440_01,False,0.2448
0443_01,False,0.3065
0450_01,False,0.1478
0451_01,True,0.9881
0455_01,False,0.3518
0464_01,True,0.5684
0467_01,True,0.9407
0467_02,True,0.9311
0467_03,True,0.9494
0467_04,True,0.9538
0469_01,False,0.3249
0473_01,False,0.2554
0478_01,False,0.0023
0478_02,True,0.9631
0479_01,True,0.9881
0483_01,True,0.9587
0483_02,True,0.6267
0484_01,True,0.9489
0486_01,True,0.5512
0489_01,False,0.4983
0489_02,True,0.9565
0491_01,False,0.3768
0492_01,False,0.1064
0493_01,False,0.4599
0494_01,True,0.9551
0494_02,False,0.2382
0495_01,False,0.4462
0495_02,True,0.6996
0495_03,False,0.4373
0495_04,False,0.2315
0495_05,False,0.0223
0495_06,False,0.2132
0496_01,True,0.8178
0496_02,True,0.6504
0497_01,True,0.9465
0505_01,False,0.141
0508_01,False,0.2212
0509_01,True,0.7366
0511_01,False,0.0766
0514_01,True,0.5648
0524_01,True,0.9388
0526_01,True,0.5196
0530_01,False,0.0261
0530_02,False,0.0034
0530_03,True,0.9915
0532_01,False,0.0683
0532_02,True,0.9841
0535_01,False,0.3045
0536_01,False,0.0603
0536_02,False,0.1504
0541_01,True,0.9847
0543_01,True,0.5196
0544_01,True,0.9979
0554_01,False,0.0723
0557_01,True,0.9658
0557_02,True,0.9565
0558_01,True,0.5993
0562_01,False,0.4514
0562_02,True,0.9612
0574_01,False,0.0326
0578_01,True,0.5649
0578_02,False,0.2706
0584_01,True,0.5483
0584_02,False,0.0207
0592_01,False,0.4961
0595_01,True,0.5104
0601_01,False,0.3394
0604_01,False,0.4437
0605_01,False,0.188
0606_01,True,0.608
0613_01,True,0.9757
0613_02,True,0.9723
0616_01,False,0.0713
0617_01,False,0.1517
0620_01,False,0.2287
0620_02,True,0.7159
0620_03,True,0.6957
0621_01,False,0.124
0622_01,False,0.0021
0624_01,True,0.9472
0625_01,True,0.9819
0625_02,True,0.9696
0625_03,True,0.9544
0626_01,True,0.9913
0626_02,True,0.9836
0626_03,True,0.8773
0627_01,True,0.5544
0632_01,False,0.135
0632_02,True,0.7779
0632_03,True,0.5658
0640_01,True,0.9599
0640_02,True,0.9756
0648_01,False,0.1901
0648_02,False,0.1867
0649_01,True,0.5002
0651_01,True,0.965
0652_01,True,0.554
0652_02,False,0.2593
0652_03,True,0.5941
0652_04,False,0.1107
0652_05,False,0.3857
0654_01,True,0.6155
0662_01,False,0.4904
0666_01,True,0.5339
0666_02,True,0.5206
0667_01,False,0.3435
0670_01,False,0.2017
0670_02,False,0.0945
0673_01,True,0.6252
0675_01,False,0.4413
0676_01,False,0.2625
0681_01,True,0.5201
0692_01,True,0.7406
0694_01,True,0.555
0695_01,True,0.6004
0698_01,False,0.1258
0700_01,False,0.1993
0706_01,True,0.6668
0708_01,True,0.9725
0708_02,True,0.9803
0711_01,False,0.0627
0716_01,False,0.1738
0717_01,True,0.9677
0717_02,False,0.3253
0717_03,True,0.966
0717_04,True,0.966
0717_05,False,0.0023
0717_06,False,0.0638
0717_07,True,0.9786
0720_01,True,0.9689
0720_02,False,0.3106
0720_03,False,0.088
0721_01,False,0.4963
0722_01,False,0.3592
0723_01,False,0.134
0725_01,True,0.5845
0730_01,True,0.5807
0731_01,False,0.1845
0731_02,False,0.3509
0735_01,False,0.3389
0739_01,True,0.5141
0741_01,True,0.5064
0742_01,True,0.5526
0742_02,True,0.9592
0744_01,True,0.9881
0745_01,False,0.1176
0747_01,False,0.1153
0748_01,True,0.9576
0748_02,False,0.0476
0749_01,True,0.9579
0751_01,True,0.9618
0752_01,True,0.5091
0755_01,True,0.913
0758_01,True,0.8326
0758_02,True,0.9794
0758_03,False,0.0294
0759_01,True,0.9568
0759_02,False,0.0073
0759_03,True,0.9504
0760_01,False,0.1137
0763_01,True,0.987
0763_02,False,0.0282
0766_01,True,0.539
0774_01,True,0.5853
0774_02,False,0.0136
0774_03,True,0.6651
0775_01,True,0.9847
0775_02,True,0.983
0775_03,True,0.9829
0775_04,False,0.0039
0775_05,True,0.9497
0775_06,True,0.9894
0778_01,True,0.9856
0778_02,True,0.791
0780_01,True,0.9549
0783_01,False,0.1866
0792_01,True,0.6242
0800_01,False,0.006
0801_01,True,0.9579
0803_01,False,0.4475
0804_01,True,0.9627
0807_01,True,0.5634
0810_01,False,0.1489
0812_01,True,0.539
0814_01,False,0.17
0821_01,True,0.7096
0827_01,False,0.2178
0827_02,True,0.5619
0827_03,True,0.9826
0831_01,False,0.1369
0832_01,True,0.6438
0837_01,True,0.9609
0837_02,False,0.0083
0838_01,True,0.5356
0838_02,False,0.1063
0841_01,False,0.0234
0842_01,True,0.5083
0843_01,True,0.6066
0844_01,True,0.6075
0847_01,False,0.0904
0852_01,True,0.9797
0854_01,True,0.6122
0855_01,True,0.9059
0856_01,False,0.121
0857_01,True,0.9116
0858_01,False,0.2235
0858_02,True,0.9579
0861_01,False,0.2821
0862_01,True,0.5576
0864_01,False,0.0427
0864_02,True,0.9733
0864_03,True,0.9716
0866_01,True,0.9514
0872_01,False,0.174
0880_01,True,0.6627
0880_02,True,0.5786
0882_01,True,0.9421
0884_01,False,0.2292
0884_02,False,0.4707
0886_01,False,0.2229
0886_02,True,0.9741
0886_03,True,0.9646
0887_01,False,0.0034
0887_02,False,0.0275
0888_01,False,0.1315
0888_02,True,0.5267
0891_01,True,0.9457
0892_01,True,0.9865
0892_02,True,0.9907
0892_03,True,0.9912
0894_01,True,0.9878
0895_01,False,0.2582
0896_01,False,0.4904
0897_01,True,0.9911
0897_02,True,0.9851
0900_01,True,0.6207
0908_01,False,0.4553
0909_01,False,0.0829
0909_02,True,0.9792
0909_03,True,0.9678
0914_01,False,0.0033
0916_01,False,0.1425
0917_01,True,0.5526
0920_01,False,0.0027
0929_01,False,0.3043
0934_01,False,0.1047
0936_01,False,0.159
0937_01,True,0.5356
0943_01,True,0.9741
0943_02,True,0.9646
0943_03,False,0.1924
0945_01,False,0.3623
0945_02,False,0.1666
0948_01,False,0.2315
0950_01,True,0.9618
0954_01,False,0.3357
0958_01,False,0.1808
0959_01,False,0.3037
0962_01,True,0.8997
0963_01,True,0.9763
0967_01,False,0.1762
0973_01,False,0.1806
0974_01,False,0.1772
0977_01,True,0.6282
0980_01,False,0.1397
0981_01,False,0.1711
0981_02,True,0.5992
0986_01,False,0.0013
0986_02,True,0.9817
0996_01,False,0.2089
0999_01,True,0.6438
0999_02,True,0.5446
1003_01,False,0.0662
1007_01,False,0.0904
1009_01,False,0.1
1010_01,True,0.9633
1016_01,False,0.0029
1021_01,False,0.2638
1023_01,True,0.9576
1028_01,True,0.6107
1037_01,False,0.4975
1039_01,False,0.1112
1042_01,False,0.1666
1044_01,True,0.741
1050_01,True,0.533
1055_01,False,0.373
1059_01,True,0.9713
1059_02,True,0.9684
1061_01,True,0.9663
1064_01,False,0.4688
1064_02,False,0.4896
1067_01,False,0.2314
1069_01,True,0.975
1070_01,True,0.501
1072_01,False,0.484
1072_02,False,0.4178
1072_03,False,0.3314
1072_04,False,0.179
1072_05,False,0.1272
1072_06,False,0.1625
1072_07,True,0.5461
1072_08,False,0.434
1073_01,False,0.1749
1074_01,True,0.512
1074_02,True,0.8728
1081_01,False,0.3568
1087_01,True,0.611
1090_01,True,0.9847
1090_02,False,0.0216
1092_01,True,0.6635
1098_01,False,0.1371
1101_01,True,0.5155
1103_01,False,0.1618
1104_01,True,0.9888
1106_01,False,0.1112
1106_02,True,0.9624
1107_01,False,0.2687
1109_01,False,0.1568
1111_01,True,0.6646
1111_02,False,0.4619
1111_03,False,0.4854
1118_01,False,0.0252
1118_02,True,0.9882
1118_03,True,0.9761
1118_04,True,0.8389
1118_05,False,0.0027
1119_01,False,0.1833
1119_02,True,0.9576
1120_01,True,0.8961
1122_01,True,0.574
1124_01,True,0.9925
1124_02,True,0.9134
1124_03,True,0.5577
1125_01,False,0.1484
1125_02,True,0.529
1126_01,True,0.9618
1128_01,True,0.9811
1128_02,True,0.9712
1131_01,True,0.9894
1135_01,False,0.0028
1135_02,True,0.8913
1135_03,False,0.0029
1135_04,True,0.9003
1137_01,False,0.4385
1137_02,False,0.1418
1138_01,True,0.9832
1139_01,True,0.6184
1143_01,False,0.3771
1145_01,True,0.9537
1145_02,False,0.2603
1145_03,False,0.1457
1145_04,True,0.9382
1151_01,True,0.5704
1157_01,False,0.1104
1158_01,True,0.6151
1158_02,True,0.5486
1159_01,True,0.6446
1159_02,False,0.3337
1159_03,True,0.6297
1160_01,False,0.431
1164_01,False,0.4349
1171_01,False,0.0345
1172_01,True,0.9618
1176_01,False,0.3242
1181_01,False,0.2455
1183_01,True,0.9668
1183_02,False,0.1562
1183_03,True,0.9801
1184_01,True,0.994
1184_02,True,0.7008
1189_01,False,0.186
1194_01,False,0.0908
1196_01,False,0.069
1196_02,False,0.145
1200_01,True,0.9918
1201_01,False,0.0177
1201_02,True,0.8185
1202_01,False,0.1016
1204_01,False,0.4663
1205_01,False,0.1127
1207_01,False,0.3572
1207_02,True,0.6698
1207_03,True,0.6093
1207_04,False,0.2895
1209_01,False,0.0265
1209_02,False,0.392
1217_01,True,0.9478
1217_02,True,0.9762
1219_01,False,0.0337
1219_02,True,0.9917
1224_01,True,0.9633
1224_02,True,0.9618
1226_01,True,0.9589
1226_02,True,0.9644
1227_01,True,0.9032
1237_01,False,0.4951
1241_01,False,0.1341
1244_01,True,0.9608
1245_01,True,0.5632
1247_01,True,0.958
1249_01,False,0.132
1251_01,True,0.9509
1252_01,False,0.1313
1253_01,False,0.1221
1257_01,True,0.9931
1257_02,True,0.9933
1257_03,True,0.9243
1257_04,True,0.9904
1262_01,True,0.7871
1262_02,False,0.2113
1265_01,True,0.574
1266_01,False,0.0794
1268_01,True,0.9397
1270_01,True,0.9924
1272_01,False,0.2136
1275_01,False,0.1413
1276_01,False,0.2667
1277_01,False,0.1539
1290_01,False,0.1073
1296_01,False,0.138
1297_01,True,0.8721
1298_01,False,0.3117
1301_01,False,0.2208
1301_02,False,0.4619
1301_03,True,0.5559
1303_01,False,0.3067
1305_01,True,0.6897
1313_01,False,0.4364
1314_01,False,0.1173
1315_01,False,0.4811
1318_01,True,0.9441
1319_01,False,0.0629
1319_02,False,0.072
1320_01,True,0.6599
1320_02,True,0.5971
1320_03,True,0.5971
1321_01,True,0.6135
1321_02,True,0.9761
1321_03,False,0.0798
1321_04,False,0.1996
1327_01,True,0.5306
1329_01,False,0.098
1334_01,False,0.2239
1338_01,True,0.9873
1338_02,True,0.9682
1339_01,True,0.5632
1341_01,False,0.1075
1341_02,True,0.5805
1341_03,False,0.4683
1343_01,False,0.0025
1343_02,True,0.9325
1343_03,False,0.0718
1344_01,False,0.1734
1346_01,False,0.3208
1349_01,True,0.5509
1349_02,True,0.6577
1354_01,False,0.1584
1354_02,False,0.1873
1354_03,True,0.9283
1354_04,True,0.926
1354_05,True,0.949
1354_06,True,0.944
1354_07,True,0.5565
1358_01,True,0.9509
1358_02,False,0.1615
1359_01,False,0.1749
1361_01,True,0.962
1361_02,False,0.1058
1363_01,False,0.2109
1364_01,False,0.2642
1364_02,True,0.5241
1367_01,True,0.6207
1369_01,False,0.4371
1369_02,True,0.6544
1369_03,True,0.757
1372_01,True,0.529
1373_01,False,0.3756
1374_01,True,0.9922
1388_01,True,0.6437
1392_01,False,0.4692
1394_01,True,0.5517
1396_01,False,0.4771
1405_01,False,0.4385
1409_01,False,0.2312
1409_02,True,0.5642
1411_01,True,0.7356
1418_01,True,0.6083
1422_01,True,0.9811
1422_02,False,0.0102
1422_03,False,0.0026
1429_01,False,0.3944
1432_01,False,0.1868
1432_02,False,0.0455
1436_01,False,0.4699
1437_01,False,0.127
1441_01,False,0.096
1446_01,False,0.0976
1448_01,False,0.2622
1449_01,False,0.126
1456_01,False,0.0758
1459_01,False,0.1468
1464_01,False,0.1161
1466_01,False,0.4701
1468_01,False,0.4225
1469_01,False,0.0977
1469_02,False,0.183
1470_01,True,0.5656
1471_01,False,0.2865
1471_02,False,0.4947
1471_03,True,0.5808
1471_04,False,0.344
1471_05,False,0.387
1472_01,True,0.6283
1473_01,False,0.1548
1473_02,False,0.0737
1475_01,True,0.5221
1476_01,False,0.1521
1477_01,True,0.6879
1477_02,False,0.0032
1480_01,True,0.5597
1482_01,True,0.9599
1483_01,True,0.7047
1486_01,True,0.5509
1487_01,True,0.8263
1487_02,False,0.4264
1492_01,False,0.0046
1492_02,False,0.4546
1494_01,False,0.1306
1495_01,False,0.0849
1495_02,True,0.6373
1496_01,True,0.5101
1497_01,True,0.9565
1497_02,True,0.9558
1502_01,False,0.0027
1502_02,True,0.9886
1502_03,True,0.9886
1502_04,True,0.9857
1504_01,False,0.1118
1505_01,False,0.0548
1508_01,False,0.1505
1512_01,False,0.33
1513_01,True,0.6122
1514_01,True,0.6107
1516_01,False,0.4377
1517_01,False,0.1987
1518_01,False,0.0033
1518_02,False,0.0581
1519_01,False,0.1346
1522_01,True,0.9576
1530_01,True,0.8407
1534_01,False,0.0836
1534_02,False,0.0413
1535_01,False,0.0337
1537_01,True,0.9931
1538_01,False,0.0709
1538_02,False,0.2592
1546_01,True,0.6613
1549_01,False,0.4812
1553_01,True,0.9576
1553_02,False,0.1776
1554_01,True,0.6343
1554_02,False,0.4641
1556_01,True,0.5403
1557_01,True,0.9979
1559_01,True,0.9854
1559_02,True,0.9712
1563_01,True,0.9928
1566_01,True,0.9845
1570_01,False,0.146
1571_01,False,0.3015
1574_01,True,0.5055
1575_01,True,0.5813
1582_01,False,0.4256
1582_02,True,0.6442
1583_01,True,0.9622
1586_01,False,0.0746
1587_01,True,0.6282
1587_02,True,0.6741
1589_01,False,0.1302
1591_01,False,0.0049
1591_02,True,0.964
1598_01,True,0.7579
1598_02,False,0.4919
1600_01,False,0.1577
1605_01,False,0.1207
1607_01,True,0.6606
1609_01,False,0.0948
1610_01,True,0.772
1616_01,False,0.4912
1618_01,False,0.0035
1620_01,False,0.0029
1623_01,False,0.2182
1627_01,True,0.5466
1629_01,True,0.9576
1629_02,True,0.9586
1629_03,True,0.9825
1629_04,True,0.8986
1629_05,True,0.9825
1629_06,True,0.9923
1639_01,False,0.089
1641_01,True,0.9569
1642_01,False,0.0077
1643_01,False,0.1718
1648_01,True,0.9026
1652_01,True,0.6601
1654_01,False,0.08
1664_01,False,0.4192
1665_01,True,0.9785
1665_02,True,0.9761
1667_01,False,0.088
1675_01,True,0.9426
1678_01,False,0.1032
1679_01,False,0.4979
1680_01,False,0.0068
1680_02,True,0.9955
1683_01,False,0.1474
1684_01,False,0.1935
1686_01,False,0.2764
1689_01,True,0.9936
1689_02,True,0.9918
1689_03,True,0.9816
1692_01,True,0.8034
1693_01,True,0.6036
1701_01,True,0.5451
1702_01,True,0.5261
1703_01,False,0.4574
1706_01,False,0.1912
1707_01,False,0.2691
1716_01,False,0.0981
1720_01,False,0.1648
1722_01,False,0.1777
1726_01,False,0.2009
1726_02,True,0.973
1726_03,False,0.3649
1732_01,True,0.5451
1735_01,False,0.0976
1737_01,False,0.0845
1741_01,False,0.346
1741_02,True,0.5934
1741_03,True,0.509
1743_01,False,0.1271
1744_01,False,0.4619
1750_01,True,0.511
1751_01,True,0.9388
1751_02,True,0.9199
1754_01,False,0.4511
1756_01,False,0.3234
1759_01,True,0.9576
1765_01,True,0.5212
1773_01,False,0.14
1777_01,False,0.0025
1777_02,True,0.9766
1780_01,False,0.3281
1784_01,False,0.1046
1787_01,False,0.3452
1788_01,False,0.1375
1789_01,False,0.3009
1790_01,True,0.511
1790_02,True,0.511
1791_01,True,0.9302
1791_02,True,0.9558
1793_01,False,0.1563
1793_02,True,0.5014
1794_01,False,0.0855
1795_01,False,0.1955
1801_01,True,0.6125
1801_02,False,0.127
1809_01,True,0.5451
1814_01,False,0.1787
1814_02,True,0.6251
1814_03,True,0.5966
1815_01,True,0.9622
1819_01,False,0.0842
1820_01,False,0.4544
1824_01,False,0.0958
1825_01,False,0.3626
1825_02,False,0.321
1830_01,True,0.6319
1832_01,False,0.1401
1835_01,True,0.9838
1835_02,True,0.9855
1837_01,True,0.9914
1838_01,True,0.949
1839_01,False,0.0976
1840_01,True,0.6515
1842_01,False,0.1379
1845_01,False,0.0059
1851_01,False,0.0035
1851_02,True,0.9845
1852_01,True,0.9924
1852_02,True,0.9645
1852_03,True,0.9856
1852_04,True,0.9926
1858_01,True,0.9827
1862_01,False,0.1074
1862_02,False,0.1633
1862_03,True,0.6108
1867_01,True,0.988
1869_01,False,0.1127
1870_01,False,0.1236
1875_01,False,0.2756
1876_01,False,0.1478
1883_01,False,0.4861
1885_01,False,0.2128
1893_01,True,0.9597
1894_01,True,0.9558
1895_01,False,0.2277
1896_01,False,0.013
1900_01,False,0.4522
1904_01,False,0.0412
1909_01,True,0.9874
1909_02,True,0.9734
1909_03,False,0.1046
1910_01,True,0.8288
1910_02,False,0.027
1910_03,False,0.0875
1910_04,True,0.9326
1912_01,False,0.3758
1913_01,True,0.8405
1913_02,True,0.9733
1913_03,True,0.965
1914_01,True,0.5985
1917_01,False,0.4179
1919_01,False,0.3358
1921_01,False,0.1108
1921_02,False,0.0573
1924_01,True,0.6474
1929_01,False,0.1031
1930_01,False,0.1113
1932_01,False,0.0491
1934_01,False,0.1615
1936_01,False,0.1284
1943_01,False,0.197
1944_01,False,0.3042
1948_01,False,0.0035
1948_02,True,0.9914
1949_01,False,0.1453
1951_01,True,0.9895
1951_02,False,0.0161
1954_01,False,0.1305
1955_01,False,0.1814
1958_01,False,0.0287
1965_01,True,0.5163
1966_01,True,0.677
1970_01,False,0.0543
1972_01,False,0.4094
1982_01,False,0.0795
1986_01,True,0.9622
1987_01,True,0.5537
1989_01,True,0.5885
1990_01,True,0.949
1990_02,True,0.9543
1998_01,False,0.0883
2002_01,True,0.9622
2004_01,True,0.5329
2005_01,False,0.1845
2005_02,True,0.6034
2008_01,False,0.098
2014_01,True,0.9147
2016_01,True,0.9572
2016_02,False,0.1246
2017_01,False,0.2678
2017_02,False,0.0536
2018_01,True,0.5636
2020_01,True,0.9749
2021_01,True,0.5341
2023_01,False,0.3428
2023_02,True,0.5682
2023_03,True,0.5682
2025_01,False,0.004
2030_01,False,0.4694
2031_01,False,0.1319
2033_01,False,0.0993
2035_01,False,0.0988
2035_02,True,0.9558
2036_01,True,0.6484
2036_02,False,0.4418
2036_03,True,0.6108
2037_01,True,0.9772
2037_02,False,0.0033
2039_01,True,0.9384
2039_02,True,0.9632
2039_03,True,0.9595
2047_01,True,0.5506
2048_01,False,0.4868
2049_01,True,0.6163
2050_01,False,0.0797
2057_01,False,0.4282
2057_02,False,0.3695
2057_03,False,0.1422
2057_04,False,0.4197
2057_05,False,0.4359
2058_01,False,0.1371
2064_01,True,0.9558
2068_01,True,0.9774
2068_02,True,0.9316
2068_03,True,0.9412
2068_04,False,0.0217
2068_05,True,0.6863
2069_01,False,0.1044
2072_01,False,0.2364
2072_02,False,0.0957
2076_01,True,0.9622
2077_01,False,0.1515
2078_01,True,0.9489
2079_01,False,0.4654
2079_02,False,0.1695
2079_03,False,0.1191
2093_01,False,0.0906
2098_01,False,0.2213
2101_01,True,0.6716
2101_02,False,0.4438
2103_01,False,0.1548
2108_01,False,0.149
2108_02,False,0.2715
2109_01,True,0.5549
2113_01,True,0.7586
2119_01,False,0.2527
2119_02,True,0.5155
2122_01,True,0.7637
2132_01,True,0.6163
2146_01,True,0.9018
2146_02,True,0.9874
2151_01,True,0.5204
2155_01,False,0.4505
2157_01,False,0.1716
2160_01,False,0.0534
2160_02,True,0.9762
2160_03,True,0.9681
2165_01,False,0.2855
2166_01,False,0.4749
2169_01,False,0.1901
2170_01,False,0.1065
2174_01,False,0.1029
2176_01,True,0.6086
2178_01,False,0.186
2181_01,False,0.0887
2184_01,True,0.9951
2184_02,True,0.9649
2185_01,True,0.995
2192_01,False,0.271
2197_01,False,0.3162
2199_01,False,0.2636
2208_01,False,0.1506
2213_01,False,0.099
2214_01,False,0.1306
2216_01,False,0.4693
2217_01,False,0.1198
2218_01,False,0.2062
2222_01,True,0.9558
2226_01,False,0.1531
2227_01,True,0.9599
2230_01,False,0.4281
2236_01,False,0.4071
2240_01,True,0.6453
2240_02,False,0.2514
2240_03,True,0.6108
2242_01,True,0.6515
2244_01,True,0.5412
2245_01,True,0.8387
2245_02,True,0.9629
2246_01,False,0.4845
2246_02,False,0.0337
2247_01,False,0.0395
2248_01,False,0.1841
2249_01,True,0.7009
2250_01,False,0.1608
2259_01,False,0.4957
2259_02,True,0.9907
2260_01,True,0.9643
2265_01,False,0.0984
2271_01,False,0.0025
2276_01,False,0.4825
2276_02,False,0.1537
2283_01,False,0.0891
2285_01,False,0.2299
2286_01,False,0.1083
2290_01,True,0.6
2292_01,True,0.6163
2293_01,True,0.9622
2294_01,True,0.9784
2297_01,False,0.1644
2304_01,True,0.5451
2307_01,True,0.5921
2307_02,False,0.4162
2307_03,True,0.5749
2307_04,True,0.7814
2307_05,True,0.5921
2322_01,False,0.1031
2323_01,False,0.1223
2324_01,False,0.1401
2326_01,True,0.5179
2328_01,False,0.1648
2330_01,False,0.107
2331_01,True,0.9639
2334_01,False,0.0775
2335_01,True,0.6024
2337_01,True,0.6474
2342_01,False,0.0858
2343_01,True,0.9888
2343_02,True,0.7129
2344_01,False,0.0436
2344_02,True,0.9892
2346_01,False,0.0877
2350_01,False,0.4706
2350_02,False,0.1095
2350_03,True,0.9484
2351_01,False,0.0882
2351_02,False,0.0996
2352_01,False,0.1902
2354_01,False,0.0444
2355_01,True,0.9765
2355_02,True,0.9882
2355_03,False,0.1143
2355_04,True,0.9913
2358_01,False,0.0657
2359_01,False,0.1762
2362_01,False,0.4134
2370_01,True,0.5293
2370_02,True,0.5502
2370_03,False,0.2202
2370_04,True,0.5599
2371_01,False,0.4271
2372_01,False,0.1567
2378_01,False,0.2733
2378_02,True,0.954
2380_01,False,0.0034
2380_02,True,0.9796
2381_01,True,0.6163
2383_01,False,0.0998
2383_02,False,0.0764
2386_01,True,0.9514
2388_01,False,0.0935
2388_02,True,0.5615
2393_01,False,0.1487
2394_01,True,0.5907
2394_02,True,0.5317
2394_03,False,0.2605
2400_01,False,0.2008
2405_01,False,0.1304
2407_01,True,0.9867
2408_01,False,0.1415
2415_01,True,0.9405
2418_01,False,0.0918
2420_01,False,0.0976
2422_01,False,0.0035
2422_02,True,0.9914
2425_01,True,0.5896
2425_02,False,0.4505
2425_03,True,0.5437
2425_04,False,0.3477
2425_05,True,0.7881
2425_06,False,0.398
2428_01,False,0.1476
2430_01,True,0.5394
2430_02,False,0.3462
2430_03,False,0.0892
2434_01,True,0.5163
2434_02,False,0.1829
2437_01,False,0.0322
2440_01,False,0.4205
2447_01,False,0.0947
2448_01,True,0.9892
2448_02,True,0.9878
2450_01,False,0.0537
2459_01,True,0.6263
2464_01,False,0.0659
2465_01,False,0.2292
2468_01,True,0.9624
2469_01,True,0.9572
2469_02,False,0.0874
2473_01,False,0.1324
2481_01,True,0.6361
2481_02,False,0.142
2482_01,False,0.0454
2482_02,False,0.0134
2484_01,True,0.9632
2484_02,False,0.1158
2485_01,False,0.1085
2487_01,True,0.9525
2487_02,True,0.9718
2487_03,False,0.2084
2490_01,False,0.1206
2493_01,False,0.003
2493_02,False,0.0852
2494_01,True,0.9838
2494_02,False,0.0031
2495_01,False,0.0863
2501_01,True,0.9915
2504_01,False,0.3533
2507_01,True,0.5451
2511_01,False,0.4579
2514_01,False,0.3583
2517_01,True,0.9555
2525_01,False,0.0895
2529_01,False,0.0568
2533_01,False,0.2347
2536_01,True,0.9622
2538_01,True,0.9858
2538_02,True,0.9673
2539_01,False,0.3707
2543_01,False,0.4895
2554_01,True,0.557
2556_01,True,0.9492
2563_01,True,0.5506
2566_01,False,0.0879
2567_01,True,0.5353
2567_02,True,0.9639
2568_01,True,0.5405
2569_01,False,0.4471
2570_01,True,0.5451
2575_01,False,0.4662
2576_01,True,0.9593
2577_01,True,0.5341
2577_02,False,0.4558
2579_01,False,0.1061
2583_01,True,0.5451
2585_01,True,0.9689
2586_01,True,0.5648
2587_01,True,0.9638
2587_02,True,0.966
2600_01,True,0.8754
2603_01,True,0.5204
2603_02,False,0.4992
2604_01,True,0.6063
2608_01,True,0.5341
2610_01,False,0.0514
2611_01,False,0.1225
2612_01,False,0.1903
2613_01,True,0.5247
2614_01,False,0.127
2615_01,False,0.3887
2620_01,True,0.6505
2621_01,False,0.002
2623_01,False,0.1292
2630_01,False,0.2126
2630_02,False,0.4808
2630_03,False,0.4605
2632_01,False,0.1143
2637_01,False,0.16
2637_02,True,0.6256
2637_03,True,0.5915
2639_01,True,0.9613
2644_01,False,0.1968
2653_01,False,0.1904
2654_01,False,0.0223
2656_01,True,0.9915
2665_01,False,0.0086
2667_01,True,0.9915
2667_02,False,0.0392
2667_03,False,0.0285
2667_04,True,0.9838
2667_05,True,0.9911
2669_01,False,0.1187
2673_01,True,0.9016
2674_01,False,0.3232
2674_02,False,0.4302
2680_01,False,0.0023
2681_01,True,0.6177
2686_01,False,0.0277
2689_01,False,0.0517
2694_01,True,0.9742
2694_02,True,0.9672
2696_01,True,0.9852
2699_01,False,0.1216
2705_01,True,0.5341
2710_01,True,0.9915
2710_02,True,0.9915
2711_01,True,0.5596
2715_01,False,0.1134
2715_02,False,0.0785
2716_01,False,0.0822
2716_02,True,0.9858
2719_01,False,0.1163
2719_02,True,0.971
2719_03,False,0.0611
2728_01,True,0.6801
2731_01,True,0.5512
2733_01,False,0.2202
2735_01,False,0.145
2742_01,True,0.6356
2744_01,False,0.3879
2749_01,True,0.5536
2757_01,False,0.0777
2761_01,False,0.1709
2761_02,True,0.7317
2766_01,True,0.6819
2767_01,False,0.123
2771_01,False,0.1615
2775_01,True,0.5125
2776_01,False,0.47
2777_01,True,0.9669
2779_01,False,0.1373
2782_01,False,0.028
2791_01,False,0.1523
2794_01,False,0.0918
2794_02,False,0.1159
2794_03,True,0.8536
2794_04,True,0.9201
2794_05,False,0.0955
2794_06,True,0.9468
2794_07,True,0.9442
2800_01,True,0.6997
2803_01,True,0.9574
2804_01,True,0.5512
2808_01,True,0.991
2808_02,True,0.9835
2815_01,False,0.1331
2815_02,True,0.6235
2815_03,True,0.5535
2816_01,True,0.9732
2827_01,True,0.5852
2828_01,False,0.2082
2829_01,True,0.5544
2830_01,True,0.6152
2833_01,True,0.6559
2836_01,True,0.9988
2841_01,False,0.0706
2842_01,True,0.5297
2844_01,False,0.0736
2845_01,True,0.9909
2845_02,True,0.9838
2848_01,True,0.9666
2848_02,True,0.9681
2848_03,True,0.9756
2849_01,False,0.1629
2850_01,True,0.9594
2850_02,True,0.9872
2850_03,False,0.1356
2850_04,True,0.9692
2851_01,False,0.1193
2855_01,True,0.8924
2864_01,False,0.1172
2868_01,True,0.5019
2868_02,True,0.6034
2868_03,False,0.4367
2868_04,True,0.7539
2874_01,False,0.0849
2879_01,False,0.1337
2885_01,False,0.074
2886_01,False,0.0617
2889_01,False,0.1821
2895_01,True,0.9943
2896_01,False,0.117
2898_01,True,0.9878
2898_02,True,0.9673
2903_01,True,0.6676
2904_01,False,0.05
2904_02,True,0.9822
2911_01,True,0.5536
2914_01,True,0.9708
2915_01,True,0.9666
2916_01,True,0.9649
2917_01,False,0.0714
2918_01,False,0.0394
2921_01,False,0.3024
2922_01,True,0.6518
2923_01,True,0.8537
2924_01,False,0.0533
2931_01,True,0.5257
2931_02,False,0.1125
2932_01,True,0.9838
2933_01,False,0.1008
2937_01,False,0.1679
2939_01,True,0.596
2946_01,False,0.172
2946_02,False,0.1989
2946_03,False,0.3262
2946_04,False,0.2573
2947_01,True,0.5532
2951_01,False,0.1028
2952_01,False,0.1202
2955_01,False,0.1603
2957_01,True,0.5257
2963_01,False,0.3875
2967_01,True,0.5315
2973_01,False,0.1153
2974_01,False,0.0978
2976_01,True,0.9921
2976_02,True,0.9915
2976_03,True,0.9932
2976_04,False,0.0085
2977_01,False,0.1587
2977_02,False,0.2467
2977_03,False,0.1245
2978_01,False,0.1465
2980_01,False,0.1948
2981_01,True,0.6559
2985_01,True,0.6519
2987_01,False,0.2928
2989_01,False,0.3529
2991_01,False,0.0405
2997_01,True,0.9834
2997_02,False,0.0066
2997_03,False,0.133
2997_04,True,0.9735
2999_01,False,0.2553
3002_01,False,0.1203
3007_01,False,0.0992
3008_01,True,0.9795
3008_02,False,0.0062
3008_03,True,0.9517
3008_04,True,0.6634
3008_05,True,0.9795
3008_06,True,0.98
3011_01,True,0.5272
3016_01,False,0.3965
3016_02,True,0.5613
3016_03,True,0.5613
3016_04,False,0.127
3017_01,True,0.981
3028_01,True,0.5793
3031_01,True,0.9556
3035_01,False,0.2814
3037_01,True,0.991
3037_02,True,0.9817
3041_01,False,0.122
3043_01,False,0.429
3046_01,True,0.5171
3049_01,False,0.0527
3051_01,False,0.0549
3052_01,False,0.0199
3056_01,True,0.5954
3057_01,False,0.4651
3058_01,False,0.0707
3059_01,True,0.9742
3069_01,False,0.2218
3072_01,True,0.9498
3074_01,True,0.803
3075_01,True,0.6263
3077_01,True,0.9911
3077_02,True,0.9917
3078_01,False,0.0049
3078_02,False,0.007
3078_03,True,0.9922
3078_04,False,0.0014
3086_01,False,0.3312
3089_01,True,0.5747
3094_01,True,0.568
3097_01,True,0.9699
3098_01,False,0.0881
3101_01,False,0.0567
3105_01,True,0.9833
3105_02,True,0.5096
3105_03,True,0.9833
3106_01,True,0.6222
3107_01,False,0.4514
3108_01,True,0.5174
3109_01,False,0.4794
3115_01,True,0.6564
3122_01,False,0.1054
3122_02,False,0.147
3125_01,False,0.0358
3125_02,False,0.0883
3127_01,True,0.992
3129_01,True,0.5063
3135_01,False,0.1756
3137_01,True,0.7571
3139_01,False,0.3039
3141_01,True,0.9633
3144_01,False,0.149
3146_01,False,0.2039
3148_01,True,0.6941
3148_02,False,0.1529
3150_01,False,0.3258
3151_01,True,0.987
3153_01,False,0.0625
3153_02,True,0.6838
3154_01,True,0.5912
3155_01,True,0.9842
3155_02,True,0.915
3156_01,False,0.1895
3157_01,False,0.1317
3160_01,False,0.0745
3165_01,False,0.0903
3167_01,False,0.4143
3170_01,True,0.5951
3173_01,True,0.5946
3177_01,False,0.2098
3178_01,True,0.9684
3183_01,False,0.2581
3186_01,True,0.9684
3187_01,False,0.2322
3190_01,False,0.1188
3190_02,True,0.5747
3194_01,False,0.2451
3198_01,False,0.0194
3199_01,True,0.7957
3202_01,True,0.5466
3207_01,False,0.097
3208_01,False,0.042
3214_01,True,0.9638
3222_01,False,0.1046
3226_01,True,0.9674
3228_01,False,0.1529
3231_01,True,0.7203
3233_01,False,0.4326
3234_01,False,0.1576
3242_01,False,0.139
3244_01,True,0.9588
3244_02,True,0.9694
3244_03,True,0.9712
3245_01,True,0.6234
3245_02,False,0.0369
3246_01,True,0.6115
3249_01,False,0.1122
3249_02,False,0.4323
3250_01,False,0.1328
3251_01,False,0.1118
3257_01,True,0.9655
3261_01,False,0.0124
3263_01,True,0.9638
3264_01,False,0.096
3265_01,False,0.0312
3265_02,True,0.974
3265_03,True,0.9938
3265_04,True,0.9543
3266_01,False,0.2579
3267_01,True,0.9736
3277_01,False,0.0197
3278_01,True,0.9652
3281_01,True,0.9481
3285_01,False,0.0744
3285_02,True,0.5446
3286_01,False,0.1953
3288_01,True,0.965
3290_01,True,0.9673
3290_02,False,0.0329
3291_01,True,0.6281
3302_01,False,0.0718
3303_01,False,0.1185
3306_01,False,0.0317
3307_01,True,0.6998
3316_01,True,0.8343
3320_01,False,0.0038
3320_02,False,0.0147
3321_01,True,0.9638
3333_01,False,0.4927
3334_01,True,0.6076
3335_01,False,0.0853
3340_01,False,0.089
3341_01,True,0.9508
3341_02,False,0.0054
3344_01,True,0.9846
3344_02,True,0.9837
3345_01,True,0.6298
3345_02,False,0.1807
3345_03,True,0.7175
3346_01,False,0.0392
3347_01,True,0.906
3347_02,False,0.0145
3351_01,True,0.7256
3351_02,True,0.6168
3354_01,False,0.0451
3355_01,True,0.6829
3356_01,False,0.2631
3358_01,False,0.1175
3362_01,False,0.335
3362_02,False,0.1408
3366_01,True,0.9848
3367_01,False,0.4886
3368_01,False,0.4272
3368_02,True,0.5961
3368_03,False,0.0773
3368_04,False,0.4272
3368_05,True,0.6724
3368_06,False,0.0405
3368_07,False,0.0582
3369_01,False,0.0235
3373_01,True,0.5946
3374_01,False,0.1151
3375_01,False,0.1484
3376_01,True,0.7498
3378_01,False,0.4622
3379_01,True,0.6869
3385_01,True,0.5793
3388_01,True,0.9933
3393_01,False,0.4917
3398_01,True,0.6087
3399_01,False,0.0971
3400_01,True,0.5946
3407_01,False,0.3063
3407_02,False,0.0755
3411_01,False,0.234
3411_02,False,0.1779
3411_03,False,0.172
3411_04,False,0.0498
3411_05,True,0.9458
3411_06,True,0.9487
3411_07,False,0.098
3414_01,False,0.0486
3416_01,False,0.0026
3427_01,True,0.538
3429_01,True,0.9055
3435_01,False,0.0689
3436_01,True,0.7067
3448_01,False,0.2871
3448_02,True,0.6068
3451_01,False,0.1981
3452_01,False,0.3459
3457_01,True,0.6911
3460_01,False,0.133
3463_01,False,0.4896
3466_01,False,0.0922
3471_01,False,0.005
3472_01,True,0.5094
3477_01,False,0.0022
3477_02,True,0.9197
3479_01,False,0.2073
3481_01,False,0.0349
3482_01,False,0.0411
3482_02,True,0.5795
3493_01,False,0.4938
3494_01,False,0.0022
3494_02,True,0.9682
3498_01,False,0.2045
3500_01,False,0.2627
3502_01,False,0.0825
3503_01,False,0.4201
3505_01,False,0.1209
3507_01,True,0.5227
3508_01,False,0.2053
3508_02,True,0.9436
3509_01,True,0.9933
3509_02,False,0.0563
3510_01,True,0.6344
3513_01,True,0.9938
3513_02,True,0.9845
3513_03,False,0.3236
3513_04,True,0.9923
3516_01,False,0.1046
3517_01,True,0.6656
3522_01,True,0.6727
3524_01,False,0.1655
3526_01,False,0.0596
3529_01,True,0.9664
3532_01,True,0.9655
3538_01,False,0.0068
3541_01,False,0.2128
3544_01,False,0.1723
3544_02,True,0.5233
3545_01,False,0.1835
3549_01,False,0.0069
3549_02,True,0.9701
3551_01,False,0.1337
3554_01,False,0.1051
3557_01,False,0.2413
3571_01,True,0.7006
3574_01,False,0.3266
3575_01,False,0.017
3580_01,True,0.9756
3580_02,True,0.9848
3581_01,False,0.4725
3583_01,False,0.1381
3585_01,True,0.7144
3587_01,True,0.7322
3587_02,False,0.1457
3587_03,True,0.705
3589_01,False,0.0396
3589_02,False,0.4093
3589_03,True,0.5098
3589_04,False,0.4099
3589_05,False,0.0922
3589_06,False,0.4111
3589_07,True,0.6009
3590_01,False,0.201
3593_01,True,0.7311
3599_01,True,0.5834
3601_01,False,0.0481
3601_02,False,0.3696
3601_03,False,0.4089
3601_04,False,0.4877
3601_05,False,0.441
3601_06,False,0.0685
3601_07,False,0.3543
3603_01,True,0.9673
3603_02,True,0.9679
3604_01,True,0.5652
3611_01,False,0.4562
3617_01,False,0.2644
3617_02,False,0.4869
3617_03,False,0.1228
3618_01,True,0.9808
3618_02,False,0.0029
3618_03,True,0.9802
3618_04,False,0.013
3621_01,False,0.0903
3621_02,False,0.1309
3623_01,False,0.4662
3627_01,True,0.9979
3632_01,False,0.2796
3633_01,True,0.6516
3635_01,True,0.7028
3635_02,False,0.1188
3637_01,False,0.0447
3638_01,False,0.3675
3643_01,True,0.6255
3646_01,True,0.5454
3646_02,True,0.8864
3649_01,False,0.119
3651_01,True,0.9844
3656_01,True,0.8878
3656_02,False,0.0319
3657_01,True,0.9596
3657_02,True,0.9464
3657_03,False,0.1613
3659_01,False,0.3139
3659_02,False,0.4093
3659_03,False,0.3559
3659_04,False,0.3056
3659_05,False,0.0453
3659_06,False,0.3981
3659_07,False,0.4541
3661_01,False,0.1303
3663_01,True,0.9691
3666_01,True,0.7028
3669_01,False,0.4342
3670_01,True,0.6104
3672_01,False,0.1156
3672_02,False,0.2588
3673_01,False,0.4624
3675_01,True,0.5157
3675_02,True,0.6202
3675_03,True,0.6419
3676_01,True,0.9868
3683_01,True,0.9774
3683_02,True,0.9781
3684_01,True,0.5337
3684_02,False,0.4618
3685_01,True,0.5752
3687_01,True,0.997
3689_01,False,0.2334
3694_01,True,0.598
3695_01,False,0.2256
3696_01,True,0.9656
3697_01,False,0.1153
3698_01,False,0.1145
3701_01,True,0.9619
3701_02,True,0.9029
3701_03,True,0.9719
3709_01,True,0.7624
3712_01,True,0.7685
3712_02,True,0.701
3712_03,True,0.8114
3712_04,True,0.5818
3712_05,True,0.6244
3717_01,False,0.0565
3717_02,True,0.6813
3718_01,True,0.9735
3720_01,True,0.9758
3720_02,True,0.9663
3720_03,True,0.978
3721_01,False,0.0282
3722_01,False,0.221
3723_01,False,0.392
3725_01,True,0.7605
3727_01,False,0.2079
3730_01,True,0.9662
3731_01,True,0.7725
3738_01,True,0.7572
3740_01,False,0.1359
3746_01,False,0.241
3746_02,True,0.5812
3746_03,True,0.5756
3746_04,True,0.6969
3762_01,False,0.3472
3763_01,False,0.1383
3764_01,True,0.5667
3764_02,False,0.4695
3766_01,True,0.9653
3766_02,True,0.9664
3780_01,True,0.9615
3782_01,False,0.2654
3782_02,False,0.0248
3791_01,False,0.0102
3792_01,True,0.6083
3794_01,True,0.7132
3799_01,False,0.4565
3800_01,False,0.1766
3802_01,False,0.1371
3806_01,True,0.7132
3808_01,False,0.4194
3809_01,False,0.0874
3809_02,False,0.3562
3813_01,True,0.5909
3819_01,False,0.0739
3825_01,False,0.1071
3827_01,False,0.274
3828_01,True,0.9812
3828_02,False,0.0686
3828_03,True,0.8283
3829_01,True,0.5345
3829_02,True,0.7419
3833_01,True,0.9626
3834_01,True,0.7605
3837_01,False,0.1306
3840_01,False,0.0315
3843_01,True,0.7802
3844_01,False,0.3247
3844_02,True,0.9496
3845_01,False,0.3925
3855_01,True,0.691
3858_01,True,0.9032
3858_02,True,0.8854
3858_03,False,0.0594
3858_04,False,0.063
3859_01,True,0.9732
3860_01,True,0.9337
3861_01,False,0.0937
3863_01,False,0.3272
3865_01,True,0.7716
3869_01,True,0.5715
3876_01,True,0.995
3876_02,True,0.8505
3876_03,True,0.9957
3877_01,False,0.1853
3878_01,False,0.1421
3880_01,False,0.4733
3881_01,False,0.3014
3882_01,True,0.9607
3884_01,False,0.0654
3885_01,False,0.1693
3887_01,True,0.9849
3889_01,True,0.8394
3889_02,True,0.7505
3891_01,True,0.7127
3892_01,True,0.5643
3892_02,False,0.0986
3893_01,False,0.0701
3893_02,True,0.9713
3893_03,False,0.1377
3900_01,False,0.1582
3901_01,True,0.694
3902_01,True,0.9515
3905_01,True,0.7725
3906_01,False,0.0054
3906_02,False,0.1128
3908_01,False,0.4357
3908_02,True,0.6191
3910_01,True,0.7132
3914_01,False,0.1047
3918_01,False,0.1552
3920_01,False,0.1491
3925_01,False,0.0266
3925_02,False,0.1053
3929_01,True,0.8099
3934_01,True,0.9768
3934_02,False,0.2686
3943_01,True,0.7095
3943_02,True,0.7087
3943_03,False,0.2363
3947_01,False,0.1588
3951_01,False,0.1389
3953_01,True,0.5628
3956_01,False,0.4111
3957_01,True,0.7366
3965_01,False,0.154
3969_01,False,0.0952
3972_01,True,0.9836
3975_01,False,0.4255
3978_01,True,0.7131
3979_01,False,0.0024
3982_01,False,0.1745
3983_01,False,0.1828
3989_01,True,0.7244
3989_02,True,0.904
3989_03,True,0.5861
3989_04,True,0.7867
3990_01,True,0.7756
3993_01,False,0.0681
4004_01,False,0.0835
4007_01,False,0.042
4011_01,True,0.776
4012_01,True,0.9893
4012_02,True,0.9848
4015_01,True,0.9694
4015_02,False,0.2161
4024_01,True,0.8181
4025_01,True,0.8642
4028_01,False,0.4949
4029_01,True,0.9734
4041_01,True,0.6813
4048_01,True,0.9377
4048_02,True,0.9735
4048_03,True,0.7004
4051_01,True,0.6939
4052_01,True,0.9105
4054_01,True,0.9719
4054_02,True,0.9897
4054_03,False,0.1973
4056_01,False,0.1047
4057_01,False,0.2034
4059_01,True,0.8887
4059_02,False,0.0611
4062_01,False,0.0019
4067_01,False,0.3306
4070_01,True,0.9845
4070_02,True,0.9938
4070_03,True,0.8562
4073_01,False,0.1704
4073_02,True,0.6309
4074_01,False,0.4223
4077_01,False,0.0112
4085_01,True,0.5309
4086_01,False,0.188
4086_02,True,0.6984
4086_03,True,0.569
4087_01,True,0.5001
4088_01,True,0.605
4092_01,True,0.6746
4094_01,False,0.004
4094_02,False,0.0035
4100_01,True,0.9822
4105_01,False,0.4711
4111_01,True,0.7756
4117_01,False,0.2002
4118_01,False,0.1825
4119_01,True,0.8838
4121_01,False,0.0883
4122_01,True,0.5249
4123_01,False,0.1386
4124_01,True,0.6994
4126_01,False,0.0307
4133_01,True,0.974
4133_02,True,0.9686
4136_01,True,0.9734
4136_02,False,0.0315
4138_01,False,0.0439
4139_01,False,0.133
4146_01,False,0.3543
4148_01,False,0.4765
4153_01,False,0.2892
4155_01,True,0.9917
4157_01,False,0.2771
4161_01,True,0.6067
4162_01,True,0.6813
4164_01,True,0.9693
4180_01,True,0.9861
4180_02,False,0.0043
4187_01,False,0.1193
4190_01,True,0.9953
4192_01,False,0.3261
4193_01,True,0.7004
4195_01,False,0.3113
4198_01,True,0.9133
4200_01,False,0.4467
4201_01,False,0.4868
4202_01,True,0.9834
4202_02,False,0.0444
4209_01,False,0.0271
4217_01,False,0.3
4224_01,False,0.097
4224_02,True,0.503
4226_01,True,0.9493
4226_02,False,0.0415
4227_01,True,0.6885
4228_01,False,0.143
4234_01,False,0.1145
4234_02,False,0.1291
4235_01,False,0.1954
4235_02,True,0.6885
4236_01,False,0.4726
4236_02,True,0.9735
4241_01,False,0.4905
4247_01,True,0.8183
4247_02,False,0.1415
4248_01,False,0.0949
4248_02,False,0.1148
4250_01,True,0.566
4263_01,False,0.2572
4263_02,True,0.7469
4263_03,True,0.7469
4265_01,True,0.9948
4268_01,True,0.9261
4268_02,True,0.9842
4269_01,False,0.4388
4275_01,False,0.0899
4276_01,False,0.0465
4277_01,True,0.5049
4279_01,False,0.3021
4281_01,False,0.1666
4282_01,True,0.9872
4283_01,False,0.4764
4284_01,True,0.9702
4284_02,False,0.1512
4285_01,True,0.6407
4286_01,True,0.5472
4286_02,False,0.2352
4286_03,False,0.3202
4287_01,True,0.5124
4288_01,True,0.8028
4288_02,False,0.2023
4290_01,False,0.1509
4298_01,False,0.1153
4298_02,True,0.9782
4298_03,True,0.9709
4299_01,False,0.3151
4304_01,False,0.1684
4307_01,True,0.9842
4308_01,True,0.6118
4310_01,False,0.1155
4313_01,False,0.4335
4314_01,True,0.6129
4321_01,True,0.9855
4322_01,True,0.7333
4323_01,True,0.9913
4323_02,False,0.1467
4323_03,True,0.7175
4323_04,True,0.9903
4325_01,True,0.6112
4326_01,False,0.149
4328_01,True,0.6118
4331_01,True,0.5959
4341_01,True,0.603
4341_02,True,0.5111
4342_01,False,0.4812
4353_01,True,0.5861
4355_01,True,0.5959
4363_01,True,0.5608
4374_01,False,0.2165
4375_01,True,0.9586
4377_01,True,0.7714
4377_02,True,0.8217
4377_03,True,0.8615
4378_01,False,0.0223
4378_02,False,0.0071
4379_01,True,0.7672
4380_01,False,0.245
4381_01,True,0.9012
4381_02,False,0.237
4384_01,True,0.9135
4385_01,False,0.3965
4385_02,True,0.7566
4385_03,True,0.8749
4389_01,False,0.0717
4394_01,False,0.4039
4398_01,False,0.38
4406_01,False,0.2663
4412_01,False,0.0631
4414_01,True,0.9438
4417_01,True,0.9909
4418_01,False,0.1444
4419_01,False,0.0903
4419_02,False,0.1961
4420_01,False,0.125
4420_02,True,0.6035
4421_01,False,0.2113
4423_01,False,0.0047
4425_01,True,0.9914
4425_02,False,0.375
4434_01,False,0.0498
4435_01,True,0.9696
4435_02,True,0.8857
4439_01,True,0.5805
4439_02,True,0.6021
4442_01,True,0.9795
4443_01,True,0.5132
4443_02,True,0.5869
4454_01,True,0.9917
4455_01,False,0.2336
4455_02,False,0.1899
4455_03,False,0.4959
4458_01,True,0.6118
4460_01,True,0.9717
4468_01,True,0.7757
4471_01,False,0.3208
4478_01,False,0.2318
4480_01,True,0.6329
4481_01,True,0.588
4484_01,False,0.4607
4488_01,False,0.2438
4489_01,False,0.0563
4495_01,False,0.0428
4499_01,True,0.5968
4503_01,False,0.1068
4504_01,True,0.9464
4507_01,False,0.0682
4513_01,True,0.5478
4519_01,True,0.6738
4520_01,False,0.1313
4523_01,True,0.7802
4523_02,True,0.7155
4523_03,False,0.123
4523_04,True,0.6704
4523_05,True,0.7802
4523_06,True,0.6401
4525_01,False,0.0042
4526_01,True,0.5193
4527_01,False,0.1361
4528_01,True,0.684
4536_01,False,0.0086
4540_01,True,0.7629
4541_01,False,0.0625
4545_01,False,0.1616
4548_01,True,0.9837
4551_01,True,0.9953
4551_02,True,0.9949
4551_03,True,0.9958
4551_04,True,0.9933
4554_01,False,0.046
4556_01,False,0.2278
4566_01,False,0.4886
4578_01,False,0.3185
4579_01,True,0.7757
4582_01,True,0.8061
4582_02,True,0.5367
4582_03,True,0.5367
4582_04,True,0.8625
4582_05,True,0.7086
4582_06,True,0.5433
4582_07,True,0.563
4583_01,True,0.993
4583_02,True,0.9918
4583_03,False,0.3929
4584_01,False,0.1989
4588_01,False,0.2075
4589_01,False,0.1792
4590_01,False,0.1761
4598_01,False,0.1014
4599_01,True,0.7629
4600_01,True,0.7181
4600_02,True,0.6074
4601_01,False,0.1287
4614_01,False,0.2755
4614_02,False,0.2579
4616_01,False,0.2326
4618_01,False,0.3271
4619_01,True,0.9349
4626_01,True,0.995
4626_02,False,0.3365
4627_01,False,0.2366
4629_01,False,0.4487
4636_01,True,0.7222
4639_01,True,0.9859
4639_02,True,0.9859
4639_03,False,0.0036
4639_04,False,0.0396
4639_05,True,0.8914
4639_06,True,0.9676
4647_01,True,0.76
4660_01,True,0.7732
4666_01,False,0.2755
4669_01,True,0.9844
4670_01,True,0.6078
4671_01,True,0.8329
4671_02,True,0.694
4671_03,False,0.4255
4671_04,True,0.9389
4674_01,False,0.0948
4675_01,True,0.7286
4675_02,False,0.0048
4681_01,False,0.0022
4682_01,True,0.7566
4683_01,True,0.9716
4683_02,True,0.6033
4685_01,True,0.9909
4687_01,False,0.1176
4688_01,False,0.4668
4692_01,False,0.0061
4697_01,True,0.9911
4698_01,True,0.9644
4700_01,True,0.985
4701_01,True,0.9725
4701_02,True,0.9918
4701_03,True,0.9855
4701_04,True,0.9847
4702_01,True,0.8638
4702_02,False,0.3943
4703_01,True,0.9915
4703_02,True,0.9949
4705_01,True,0.8366
4705_02,False,0.4105
4707_01,False,0.0765
4707_02,False,0.2714
4715_01,True,0.9013
4716_01,True,0.7876
4718_01,True,0.9951
4722_01,False,0.2578
4724_01,True,0.96
4727_01,False,0.2986
4727_02,True,0.7482
4729_01,False,0.0726
4731_01,True,0.5968
4734_01,False,0.0561
4735_01,False,0.4208
4736_01,True,0.9908
4737_01,False,0.1433
4740_01,True,0.8191
4742_01,False,0.4265
4745_01,True,0.6127
4747_01,True,0.978
4747_02,False,0.1394
4749_01,False,0.0539
4751_01,False,0.4095
4760_01,True,0.9313
4761_01,True,0.7049
4761_02,True,0.6249
4761_03,True,0.5339
4765_01,True,0.6584
4766_01,True,0.9911
4767_01,True,0.6124
4768_01,True,0.6485
4768_02,True,0.9633
4771_01,True,0.9449
4776_01,True,0.8976
4776_02,False,0.2425
4776_03,True,0.9708
4776_04,True,0.9327
4779_01,False,0.0561
4781_01,False,0.219
4789_01,True,0.507
4799_01,False,0.1621
4799_02,False,0.2096
4799_03,False,0.1435
4800_01,False,0.3285
4802_01,True,0.7165
4802_02,False,0.176
4805_01,True,0.6925
4806_01,False,0.4735
4809_01,False,0.0342
4811_01,True,0.8842
4812_01,True,0.8616
4816_01,True,0.6227
4820_01,True,0.9041
4820_02,False,0.0034
4821_01,False,0.385
4824_01,True,0.9126
4825_01,True,0.9909
4826_01,True,0.8978
4833_01,False,0.0015
4833_02,False,0.3134
4834_01,True,0.8569
4835_01,False,0.09
4839_01,False,0.1256
4843_01,False,0.1277
4843_02,False,0.15
4844_01,True,0.7925
4849_01,True,0.9746
4852_01,True,0.7151
4854_01,True,0.9912
4855_01,True,0.7151
4855_02,True,0.6092
4858_01,False,0.0525
4859_01,True,0.8569
4860_01,False,0.4933
4861_01,False,0.1645
4865_01,False,0.086
4867_01,False,0.2507
4869_01,False,0.1503
4872_01,True,0.5198
4877_01,True,0.5097
4894_01,True,0.8649
4905_01,True,0.7094
4906_01,False,0.3354
4907_01,True,0.8649
4908_01,False,0.3804
4914_01,False,0.0796
4919_01,False,0.337
4921_01,False,0.0032
4922_01,True,0.7184
4926_01,False,0.0501
4928_01,False,0.4387
4931_01,False,0.498
4935_01,False,0.1465
4935_02,True,0.696
4935_03,False,0.3834
4936_01,False,0.0751
4947_01,True,0.5522
4948_01,False,0.0611
4949_01,True,0.9825
4949_02,False,0.0025
4953_01,True,0.977
4955_01,False,0.1373
4957_01,True,0.9928
4959_01,True,0.9916
4960_01,False,0.2855
4962_01,True,0.6797
4966_01,True,0.9924
4966_02,True,0.9846
4967_01,False,0.2645
4968_01,True,0.5832
4969_01,False,0.2878
4969_02,True,0.5416
4971_01,True,0.9093
4976_01,False,0.477
4982_01,True,0.8831
4984_01,True,0.5923
4984_02,False,0.4765
4985_01,True,0.9915
4986_01,False,0.1162
4988_01,True,0.9763
4993_01,True,0.6958
4994_01,False,0.2202
5001_01,True,0.8912
5002_01,True,0.9454
5011_01,True,0.749
5022_01,False,0.1425
5024_01,True,0.9136
5024_02,True,0.9
5024_03,True,0.9155
5024_04,True,0.5321
5024_05,True,0.9124
5026_01,False,0.2838
5029_01,True,0.985
5029_02,True,0.9693
5030_01,True,0.9371
5031_01,False,0.0311
5031_02,False,0.4327
5033_01,False,0.2529
5033_02,False,0.0032
5037_01,False,0.2668
5038_01,False,0.0222
5038_02,True,0.9779
5041_01,True,0.808
5043_01,True,0.9689
5043_02,True,0.957
5043_03,False,0.2506
5045_01,True,0.9911
5046_01,True,0.9227
5047_01,True,0.9493
5049_01,False,0.1257
5053_01,False,0.1563
5054_01,False,0.0244
5055_01,True,0.5944
5056_01,True,0.6436
5056_02,True,0.7241
5066_01,True,0.6719
5071_01,True,0.7439
5075_01,False,0.4889
5077_01,False,0.2045
5078_01,False,0.1348
5079_01,True,0.9912
5081_01,True,0.5268
5082_01,True,0.65
5086_01,True,0.9906
5086_02,False,0.4675
5092_01,True,0.8901
5094_01,True,0.7457
5094_02,False,0.1978
5096_01,False,0.1179
5096_02,False,0.2055
5098_01,True,0.5913
5098_02,True,0.7462
5098_03,True,0.9306
5099_01,False,0.2581
5100_01,True,0.9912
5101_01,True,0.952
5102_01,False,0.0775
5107_01,False,0.161
5110_01,True,0.9705
5113_01,False,0.2265
5114_01,True,0.9914
5117_01,False,0.152
5118_01,True,0.9597
5119_01,False,0.4536
5121_01,False,0.0593
5123_01,False,0.1763
5131_01,True,0.5007
5131_02,True,0.989
5134_01,False,0.1033
5135_01,False,0.0187
5139_01,False,0.1849
5141_01,True,0.9711
5143_01,True,0.9245
5147_01,True,0.944
5149_01,False,0.0016
5149_02,True,0.989
5150_01,True,0.9913
5153_01,True,0.9265
5155_01,False,0.1493
5159_01,True,0.8921
5159_02,False,0.005
5164_01,True,0.995
5164_02,True,0.9714
5168_01,False,0.0698
5169_01,False,0.2217
5172_01,False,0.2561
5178_01,True,0.9461
5183_01,True,0.9385
5189_01,True,0.9461
5191_01,False,0.0263
5195_01,False,0.0304
5200_01,False,0.4646
5203_01,True,0.8559
5203_02,True,0.9912
5212_01,True,0.7934
5215_01,False,0.0028
5219_01,True,0.9908
5219_02,True,0.9435
5222_01,True,0.8982
5228_01,True,0.646
5228_02,True,0.9578
5231_01,False,0.0717
5232_01,False,0.0033
5232_02,False,0.0223
5233_01,False,0.4998
5237_01,True,0.9725
5241_01,False,0.3526
5241_02,True,0.7582
5245_01,True,0.557
5259_01,False,0.4889
5261_01,False,0.1452
5263_01,False,0.1729
5267_01,False,0.4791
5267_02,True,0.6549
5267_03,True,0.7206
5270_01,True,0.6798
5283_01,False,0.2574
5284_01,True,0.898
5285_01,True,0.9856
5286_01,False,0.0095
5289_01,True,0.5657
5293_01,False,0.0887
5293_02,False,0.0693
5294_01,True,0.6114
5295_01,False,0.01
5296_01,False,0.2086
5302_01,True,0.9807
5306_01,True,0.5079
5306_02,True,0.9241
5308_01,True,0.9443
5308_02,True,0.9352
5308_03,True,0.5483
5309_01,True,0.9835
5311_01,True,0.6291
5317_01,False,0.4459
5317_02,True,0.9476
5318_01,True,0.6291
5318_02,True,0.8147
5319_01,False,0.0873
5321_01,True,0.6288
5324_01,False,0.395
5328_01,True,0.9825
5329_01,False,0.0989
5329_02,True,0.6312
5329_03,False,0.3445
5329_04,False,0.2976
5329_05,False,0.1267
5329_06,False,0.2764
5329_07,False,0.3846
5332_01,True,0.6656
5335_01,True,0.9846
5335_02,True,0.9631
5335_03,True,0.6632
5335_04,True,0.7817
5336_01,False,0.4735
5338_01,True,0.9556
5339_01,True,0.5863
5339_02,True,0.9493
5339_03,True,0.9912
5342_01,False,0.0887
5349_01,True,0.7457
5352_01,True,0.6588
5357_01,True,0.9689
5357_02,True,0.9722
5357_03,False,0.0324
5357_04,False,0.0709
5358_01,True,0.5069
5364_01,True,0.7426
5369_01,True,0.5746
5369_02,False,0.0955
5369_03,True,0.9596
5370_01,True,0.6075
5371_01,True,0.9926
5371_02,False,0.1153
5371_03,True,0.9929
5371_04,True,0.9881
5373_01,False,0.3369
5376_01,True,0.9882
5376_02,True,0.9825
5377_01,True,0.9928
5381_01,False,0.0438
5382_01,True,0.9949
5382_02,True,0.9951
5386_01,True,0.6549
5391_01,False,0.1106
5393_01,False,0.1638
5398_01,True,0.9671
5399_01,False,0.1389
5400_01,True,0.7312
5403_01,False,0.2041
5405_01,False,0.0742
5407_01,False,0.2822
5409_01,False,0.1365
5417_01,False,0.0224
5419_01,False,0.1231
5426_01,True,0.8949
5428_01,False,0.2246
5428_02,True,0.7586
5429_01,False,0.1611
5432_01,True,0.8477
5433_01,True,0.9347
5439_01,False,0.1485
5442_01,False,0.3427
5444_01,True,0.5197
5448_01,False,0.1406
5449_01,False,0.1935
5456_01,False,0.1595
5460_01,False,0.1348
5461_01,False,0.029
5464_01,False,0.1698
5473_01,False,0.4791
5473_02,False,0.0828
5481_01,True,0.9844
5482_01,True,0.624
5482_02,False,0.3723
5486_01,True,0.9639
5493_01,True,0.9481
5495_01,True,0.9651
5498_01,True,0.6329
5498_02,True,0.6329
5502_01,True,0.7975
5503_01,False,0.0517
5505_01,False,0.4532
5505_02,True,0.9074
5505_03,True,0.949
5513_01,True,0.9443
5513_02,True,0.9203
5513_03,False,0.2504
5513_04,True,0.9516
5516_01,False,0.3166
5518_01,False,0.2934
5519_01,False,0.2309
5525_01,False,0.213
5532_01,True,0.8048
5533_01,False,0.3462
5534_01,True,0.525
5542_01,False,0.0651
5547_01,True,0.6549
5548_01,True,0.8457
5549_01,True,0.9663
5553_01,True,0.9681
5553_02,True,0.5799
5554_01,True,0.6549
5558_01,False,0.0945
5562_01,True,0.9769
5562_02,True,0.9883
5564_01,False,0.0607
5565_01,False,0.3195
5567_01,False,0.2056
5570_01,True,0.9455
5576_01,True,0.7589
5577_01,True,0.9408
5577_02,True,0.9145
5577_03,True,0.9203
5577_04,True,0.9203
5577_05,True,0.9192
5579_01,True,0.9693
5584_01,True,0.9668
5584_02,False,0.1294
5588_01,False,0.3386
5588_02,True,0.9916
5588_03,True,0.9898
5588_04,True,0.9254
5588_05,True,0.9905
5590_01,True,0.5186
5593_01,False,0.1494
5597_01,True,0.9129
5600_01,True,0.7457
5604_01,True,0.61
5605_01,False,0.2202
5607_01,True,0.5061
5612_01,True,0.9292
5617_01,False,0.1024
5620_01,True,0.607
5620_02,False,0.1146
5621_01,True,0.5376
5624_01,True,0.9281
5630_01,True,0.9013
5632_01,True,0.9856
5633_01,False,0.1723
5634_01,True,0.7853
5635_01,False,0.1017
5636_01,False,0.1496
5638_01,True,0.9291
5641_01,True,0.9291
5649_01,True,0.9531
5654_01,False,0.1599
5656_01,False,0.3471
5657_01,False,0.0046
5658_01,False,0.052
5660_01,False,0.1272
5664_01,True,0.9111
5664_02,True,0.9166
5664_03,True,0.914
5664_04,True,0.883
5665_01,False,0.2276
5666_01,False,0.1406
5668_01,True,0.8965
5669_01,True,0.9291
5670_01,True,0.9509
5672_01,True,0.6588
5675_01,True,0.8409
5676_01,False,0.4092
5678_01,True,0.9713
5678_02,True,0.571
5682_01,True,0.9682
5683_01,False,0.1289
5690_01,False,0.367
5691_01,True,0.9897
5694_01,True,0.969
5697_01,False,0.4315
5699_01,False,0.3219
5703_01,False,0.3129
5708_01,True,0.6418
5715_01,True,0.8271
5715_02,True,0.8446
5720_01,True,0.503
5720_02,False,0.3677
5731_01,False,0.043
5731_02,True,0.5217
5734_01,True,0.9871
5734_02,False,0.18
5741_01,False,0.0452
5743_01,False,0.1098
5745_01,True,0.7912
5749_01,False,0.2179
5752_01,False,0.0845
5753_01,False,0.3576
5754_01,False,0.0087
5759_01,True,0.9383
5760_01,False,0.464
5762_01,False,0.2683
5766_01,True,0.9874
5770_01,True,0.9975
5774_01,False,0.1784
5775_01,True,0.9729
5782_01,True,0.6798
5782_02,False,0.4676
5782_03,True,0.8911
5782_04,True,0.9066
5784_01,True,0.7059
5787_01,False,0.2057
5787_02,True,0.6783
5787_03,False,0.332
5789_01,True,0.9508
5789_02,True,0.9509
5797_01,True,0.9862
5798_01,False,0.1983
5801_01,False,0.2538
5803_01,True,0.6636
5805_01,False,0.1075
5807_01,False,0.1638
5815_01,False,0.0131
5815_02,False,0.0313
5815_03,False,0.1899
5815_04,False,0.0026
5830_01,True,0.5278
5832_01,False,0.0528
5833_01,True,0.5103
5838_01,False,0.4474
5841_01,True,0.9656
5841_02,True,0.9847
5841_03,True,0.7811
5845_01,True,0.755
5850_01,True,0.993
5851_01,False,0.3781
5851_02,True,0.9871
5853_01,False,0.0775
5862_01,True,0.6108
5864_01,True,0.7285
5865_01,False,0.2423
5866_01,False,0.4063
5870_01,True,0.6636
5872_01,True,0.566
5873_01,False,0.1613
5873_02,True,0.6381
5873_03,False,0.1481
5881_01,True,0.9862
5883_01,True,0.9685
5884_01,False,0.2143
5892_01,False,0.0348
5893_01,False,0.0778
5893_02,False,0.4241
5895_01,False,0.0136
5896_01,False,0.4544
5899_01,False,0.1495
5904_01,True,0.983
5904_02,False,0.0781
5910_01,False,0.105
5911_01,True,0.9365
5911_02,False,0.188
5911_03,False,0.034
5911_04,True,0.9081
5911_05,True,0.897
5911_06,True,0.9275
5914_01,True,0.9291
5917_01,True,0.9498
5918_01,True,0.5775
5926_01,True,0.6395
5929_01,True,0.8271
5932_01,False,0.1167
5935_01,False,0.1094
5936_01,True,0.9799
5936_02,True,0.9918
5936_03,False,0.0028
5936_04,True,0.7923
5936_05,False,0.0021
5937_01,True,0.9544
5940_01,True,0.6663
5942_01,True,0.9719
5942_02,True,0.985
5943_01,False,0.1246
5948_01,False,0.1318
5958_01,False,0.4686
5961_01,True,0.9847
5961_02,True,0.9864
5962_01,False,0.4641
5964_01,True,0.9919
5964_02,True,0.9862
5966_01,True,0.9508
5966_02,True,0.9544
5978_01,False,0.1924
5978_02,False,0.3869
5979_01,True,0.7001
5982_01,False,0.0772
5996_01,True,0.9042
5997_01,True,0.5962
5997_02,True,0.9829
6002_01,False,0.4916
6005_01,True,0.9084
6005_02,True,0.8991
6005_03,True,0.9058
6005_04,False,0.0036
6005_05,True,0.8922
6009_01,False,0.0366
6009_02,False,0.0084
6012_01,False,0.1022
6013_01,True,0.6138
6018_01,False,0.1203
6021_01,True,0.922
6023_01,False,0.1135
6037_01,True,0.7249
6044_01,False,0.1339
6044_02,False,0.4725
6046_01,True,0.6939
6050_01,True,0.9753
6051_01,False,0.018
6051_02,False,0.296
6053_01,False,0.2209
6056_01,False,0.0379
6057_01,True,0.5235
6060_01,False,0.081
6063_01,True,0.7837
6072_01,False,0.3461
6074_01,True,0.7929
6074_02,True,0.6199
6074_03,True,0.9446
6078_01,True,0.7913
6079_01,True,0.6646
6081_01,True,0.7609
6081_02,False,0.3924
6081_03,True,0.9701
6081_04,True,0.965
6083_01,False,0.1401
6084_01,True,0.7592
6088_01,True,0.6624
6089_01,True,0.9291
6093_01,True,0.6338
6097_01,False,0.2475
6100_01,True,0.7409
6104_01,True,0.9715
6113_01,False,0.0851
6114_01,False,0.1105
6119_01,True,0.9804
6119_02,True,0.5902
6119_03,True,0.979
6125_01,False,0.1279
6129_01,False,0.0639
6131_01,False,0.1551
6134_01,True,0.7902
6140_01,False,0.2375
6142_01,False,0.0969
6142_02,True,0.8616
6144_01,True,0.651
6147_01,False,0.118
6151_01,False,0.0099
6151_02,True,0.9842
6154_01,True,0.7498
6159_01,False,0.3696
6160_01,False,0.2104
6160_02,True,0.9265
6161_01,True,0.6515
6164_01,True,0.9855
6165_01,True,0.7105
6177_01,False,0.0041
6183_01,False,0.1206
6185_01,False,0.0021
6187_01,True,0.9791
6188_01,True,0.6266
6190_01,True,0.5265
6193_01,True,0.9776
6193_02,True,0.9293
6193_03,False,0.1146
6193_04,False,0.3424
6195_01,False,0.163
6196_01,True,0.9778
6197_01,True,0.7357
6198_01,False,0.2178
6202_01,True,0.9539
6203_01,False,0.1062
6204_01,True,0.9605
6209_01,False,0.0026
6209_02,True,0.9857
6210_01,True,0.9914
6212_01,True,0.6251
6214_01,False,0.4243
6217_01,True,0.9842
6217_02,False,0.046
6221_01,True,0.9774
6226_01,False,0.1181
6231_01,True,0.9306
6231_02,True,0.9265
6231_03,True,0.6434
6233_01,False,0.2529
6233_02,True,0.6507
6233_03,True,0.9511
6235_01,True,0.9685
6240_01,True,0.7409
6242_01,True,0.9857
6244_01,False,0.1096
6244_02,True,0.9677
6247_01,False,0.0631
6255_01,True,0.9719
6257_01,True,0.651
6257_02,False,0.1138
6257_03,True,0.7073
6258_01,False,0.4823
6259_01,False,0.2502
6260_01,False,0.0546
6260_02,False,0.0275
6261_01,True,0.5198
6261_02,True,0.507
6267_01,False,0.0034
6267_02,False,0.2258
6267_03,True,0.9643
6267_04,True,0.9821
6267_05,True,0.982
6267_06,True,0.9623
6269_01,True,0.5286
6269_02,False,0.018
6269_03,True,0.9929
6272_01,False,0.3349
6272_02,True,0.9715
6275_01,False,0.479
6278_01,True,0.9619
6278_02,True,0.975
6284_01,True,0.9715
6286_01,True,0.7192
6286_02,True,0.8963
6287_01,False,0.2746
6287_02,False,0.2179
6288_01,True,0.9873
6288_02,False,0.2675
6288_03,True,0.9931
6288_04,True,0.9935
6291_01,False,0.4815
6294_01,True,0.9265
6295_01,True,0.9867
6295_02,False,0.4895
6298_01,True,0.9715
6303_01,False,0.2362
6306_01,True,0.9366
6307_01,False,0.2658
6310_01,False,0.0838
6311_01,True,0.7693
6312_01,True,0.8841
6312_02,False,0.0034
6314_01,False,0.4831
6329_01,False,0.3681
6332_01,True,0.5986
6332_02,False,0.423
6332_03,True,0.5861
6332_04,False,0.0829
6332_05,False,0.0978
6332_06,True,0.6868
6332_07,False,0.2876
6332_08,False,0.1386
6333_01,False,0.0687
6336_01,False,0.3592
6337_01,True,0.9096
6342_01,True,0.5871
6342_02,False,0.1533
6345_01,True,0.9747
6345_02,True,0.9747
6350_01,True,0.6152
6352_01,True,0.9927
6352_02,True,0.9973
6358_01,True,0.5272
6358_02,True,0.5244
6359_01,False,0.111
6362_01,False,0.4573
6364_01,True,0.8875
6375_01,False,0.0943
6377_01,True,0.9759
6379_01,False,0.0619
6382_01,False,0.2009
6383_01,True,0.9268
6383_02,True,0.9339
6383_03,True,0.9349
6384_01,False,0.4519
6386_01,False,0.4196
6387_01,False,0.3383
6389_01,False,0.0946
6391_01,True,0.9558
6391_02,True,0.9721
6392_01,True,0.975
6393_01,True,0.507
6395_01,False,0.4999
6401_01,True,0.9222
6401_02,False,0.0062
6403_01,False,0.1585
6410_01,False,0.1609
6410_02,False,0.0291
6417_01,True,0.9747
6420_01,True,0.5169
6423_01,False,0.0918
6425_01,False,0.1808
6425_02,True,0.5026
6426_01,False,0.0949
6427_01,True,0.9753
6429_01,True,0.88
6435_01,False,0.1178
6438_01,False,0.0493
6440_01,True,0.7424
6441_01,False,0.1273
6445_01,False,0.07
6460_01,True,0.5811
6465_01,True,0.9316
6466_01,False,0.1647
6467_01,False,0.1152
6469_01,True,0.9369
6474_01,True,0.7405
6476_01,False,0.1458
6479_01,True,0.9804
6479_02,True,0.8306
6483_01,True,0.9698
6484_01,False,0.3236
6486_01,True,0.9008
6491_01,False,0.0844
6491_02,False,0.1767
6491_03,True,0.9268
6495_01,False,0.2302
6496_01,True,0.6083
6496_02,False,0.2495
6497_01,False,0.465
6498_01,True,0.9237
6499_01,False,0.3072
6499_02,False,0.1199
6499_03,False,0.3873
6499_04,False,0.4895
6499_05,False,0.0847
6499_06,True,0.6858
6499_07,True,0.5814
6499_08,True,0.5486
6504_01,True,0.9909
6504_02,True,0.7087
6505_01,False,0.1678
6506_01,False,0.1236
6506_02,True,0.6915
6507_01,True,0.6351
6515_01,True,0.6875
6516_01,True,0.9917
6516_02,True,0.9948
6518_01,True,0.9542
6519_01,False,0.1805
6521_01,False,0.1958
6524_01,False,0.3375
6527_01,True,0.7104
6528_01,True,0.7204
6532_01,False,0.1121
6533_01,True,0.6121
6533_02,False,0.081
6534_01,False,0.2977
6536_01,False,0.1869
6537_01,False,0.0812
6538_01,False,0.1823
6542_01,False,0.1653
6543_01,True,0.7796
6550_01,False,0.017
6551_01,True,0.7453
6554_01,True,0.571
6555_01,False,0.4978
6559_01,True,0.9062
6559_02,True,0.8777
6559_03,True,0.6397
6564_01,True,0.8164
6564_02,True,0.983
6566_01,False,0.1527
6571_01,False,0.1066
6575_01,True,0.9954
6576_01,True,0.9753
6577_01,False,0.475
6577_02,False,0.1744
6577_03,True,0.9081
6579_01,True,0.7424
6581_01,False,0.1663
6584_01,True,0.9943
6586_01,False,0.0881
6587_01,True,0.943
6589_01,True,0.8639
6596_01,True,0.5446
6596_02,False,0.0624
6597_01,False,0.2741
6600_01,True,0.9266
6600_02,False,0.0947
6605_01,True,0.9405
6605_02,True,0.9253
6607_01,True,0.5179
6610_01,True,0.6098
6612_01,True,0.8663
6612_02,False,0.3408
6612_03,False,0.1404
6612_04,True,0.8806
6612_05,True,0.5432
6612_06,True,0.8597
6615_01,True,0.9694
6617_01,True,0.9711
6617_02,True,0.9912
6617_03,True,0.989
6619_01,False,0.0081
6627_01,True,0.8183
6629_01,True,0.8946
6632_01,False,0.2971
6636_01,True,0.9135
6640_01,True,0.9875
6644_01,True,0.5768
6648_01,True,0.7236
6651_01,False,0.1676
6653_01,True,0.7799
6657_01,True,0.6121
6658_01,True,0.7952
6658_02,True,0.7952
6658_03,False,0.1027
6661_01,True,0.5225
6666_01,False,0.1585
6677_01,True,0.7236
6678_01,False,0.1657
6678_02,True,0.9536
6679_01,False,0.1974
6682_01,True,0.9713
6682_02,False,0.3427
6685_01,False,0.0423
6686_01,False,0.0732
6687_01,False,0.1459
6688_01,True,0.9693
6689_01,False,0.2578
6689_02,True,0.5379
6690_01,True,0.9135
6695_01,True,0.5111
6696_01,True,0.6312
6700_01,True,0.6083
6700_02,False,0.1068
6701_01,True,0.9858
6703_01,False,0.0392
6704_01,False,0.2455
6705_01,False,0.2012
6710_01,True,0.9081
6712_01,False,0.2893
6714_01,False,0.4418
6715_01,False,0.1051
6716_01,False,0.1462
6717_01,True,0.9847
6723_01,False,0.1218
6728_01,True,0.9846
6732_01,True,0.5437
6733_01,True,0.5763
6735_01,False,0.0473
6737_01,False,0.3266
6738_01,False,0.3322
6738_02,True,0.9497
6740_01,False,0.1426
6743_01,True,0.9731
6752_01,False,0.1406
6752_02,False,0.4068
6752_03,False,0.1273
6755_01,False,0.1524
6759_01,True,0.7224
6767_01,False,0.0763
6767_02,False,0.4563
6768_01,False,0.2069
6769_01,True,0.9736
6770_01,True,0.9856
6770_02,True,0.9852
6770_03,True,0.9872
6771_01,False,0.1228
6772_01,True,0.6107
6772_02,False,0.2259
6777_01,True,0.9909
6781_01,True,0.8955
6783_01,True,0.6474
6785_01,True,0.6107
6790_01,False,0.3565
6791_01,True,0.6956
6793_01,True,0.8907
6793_02,True,0.9719
6795_01,False,0.1073
6797_01,False,0.0804
6803_01,False,0.2577
6804_01,False,0.446
6807_01,True,0.5391
6807_02,True,0.6057
6809_01,False,0.1058
6811_01,True,0.696
6812_01,False,0.4062
6812_02,False,0.173
6815_01,False,0.247
6819_01,True,0.5302
6819_02,True,0.9106
6819_03,True,0.8875
6823_01,True,0.9051
6828_01,True,0.8775
6830_01,True,0.7259
6835_01,True,0.6232
6835_02,False,0.2317
6836_01,False,0.3977
6838_01,True,0.9796
6838_02,False,0.0027
6838_03,False,0.0045
6842_01,False,0.1493
6845_01,True,0.9872
6846_01,False,0.0535
6847_01,False,0.004
6849_01,False,0.0036
6852_01,False,0.4185
6852_02,False,0.1056
6855_01,False,0.2305
6856_01,False,0.0368
6860_01,False,0.3514
6867_01,False,0.4084
6870_01,False,0.0938
6872_01,True,0.6057
6874_01,True,0.9051
6875_01,False,0.3362
6875_02,False,0.0743
6875_03,True,0.8353
6876_01,True,0.5489
6876_02,True,0.8843
6876_03,True,0.8899
6877_01,False,0.2174
6878_01,True,0.9731
6881_01,False,0.3959
6884_01,True,0.6284
6886_01,True,0.9106
6888_01,False,0.4664
6888_02,True,0.9828
6888_03,True,0.8139
6888_04,False,0.0679
6890_01,False,0.1516
6897_01,False,0.0876
6904_01,True,0.6284
6904_02,True,0.6057
6904_03,False,0.3357
6909_01,True,0.9685
6914_01,True,0.8388
6916_01,True,0.9753
6919_01,True,0.684
6922_01,True,0.6769
6923_01,True,0.9698
6927_01,False,0.0915
6933_01,True,0.9468
6933_02,True,0.5561
6935_01,False,0.1089
6936_01,False,0.0741
6936_02,False,0.0394
6936_03,True,0.9765
6938_01,True,0.6057
6941_01,True,0.6219
6942_01,True,0.8793
6948_01,True,0.8714
6952_01,True,0.9825
6953_01,False,0.2913
6955_01,False,0.1333
6956_01,False,0.1972
6958_01,False,0.4025
6959_01,False,0.0358
6959_02,True,0.8938
6959_03,True,0.9486
6961_01,False,0.1968
6961_02,False,0.0061
6965_01,True,0.9728
6969_01,False,0.079
6974_01,False,0.1439
6975_01,False,0.1686
6983_01,True,0.9728
6983_02,False,0.0223
6986_01,True,0.55
6986_02,False,0.0526
6986_03,True,0.7547
6986_04,False,0.4519
6986_05,True,0.5719
6986_06,False,0.4443
6986_07,True,0.5534
6986_08,False,0.4713
6989_01,True,0.7964
6993_01,False,0.1925
7000_01,True,0.9658
7003_01,False,0.1597
7009_01,False,0.1077
7009_02,False,0.0684
7012_01,True,0.9713
7023_01,False,0.1233
7024_01,True,0.7122
7030_01,False,0.2774
7033_01,False,0.235
7035_01,True,0.7174
7043_01,True,0.8197
7046_01,False,0.0038
7046_02,False,0.1839
7046_03,False,0.0433
7054_01,True,0.9972
7054_02,True,0.9954
7055_01,True,0.9692
7063_01,True,0.5362
7063_02,False,0.0028
7064_01,True,0.7495
7065_01,True,0.7211
7066_01,False,0.1609
7066_02,True,0.7667
7067_01,True,0.7686
7067_02,True,0.7615
7067_03,False,0.1159
7070_01,True,0.8501
7075_01,False,0.1315
7076_01,True,0.6008
7081_01,True,0.9763
7081_02,True,0.9854
7100_01,True,0.9845
7100_02,False,0.0038
7101_01,False,0.0081
7101_02,False,0.011
7102_01,True,0.8784
7103_01,False,0.0874
7103_02,True,0.9655
7107_01,True,0.6759
7108_01,False,0.0724
7112_01,True,0.6783
7115_01,True,0.9698
7122_01,False,0.4823
7123_01,False,0.0909
7124_01,True,0.9781
7124_02,True,0.9886
7124_03,False,0.3553
7125_01,True,0.9269
7129_01,False,0.3074
7130_01,True,0.6534
7130_02,True,0.7565
7130_03,False,0.1906
7130_04,False,0.2414
7130_05,False,0.4832
7130_06,True,0.5581
7130_07,False,0.1048
7131_01,True,0.599
7135_01,True,0.8488
7135_02,True,0.5655
7135_03,True,0.6157
7135_04,True,0.8201
7136_01,True,0.679
7138_01,False,0.1079
7139_01,False,0.0335
7141_01,False,0.2016
7145_01,False,0.1614
7146_01,False,0.0252
7147_01,True,0.9954
7150_01,False,0.2309
7150_02,True,0.6236
7153_01,False,0.1646
7154_01,False,0.1052
7158_01,False,0.0921
7163_01,True,0.9861
7163_02,True,0.989
7163_03,False,0.0023
7164_01,False,0.1712
7169_01,True,0.8236
7172_01,False,0.0877
7172_02,False,0.0684
7174_01,False,0.1243
7178_01,True,0.9698
7183_01,True,0.7554
7185_01,True,0.9592
7195_01,True,0.7494
7196_01,True,0.9589
7198_01,True,0.6737
7201_01,False,0.1036
7204_01,False,0.0563
7209_01,True,0.7689
7209_02,True,0.8683
7211_01,False,0.0518
7212_01,True,0.6886
7213_01,True,0.7217
7220_01,False,0.1449
7222_01,False,0.4706
7223_01,True,0.9731
7228_01,True,0.8122
7231_01,False,0.1588
7237_01,True,0.7858
7239_01,True,0.6236
7241_01,True,0.9634
7241_02,False,0.0035
7243_01,True,0.8216
7243_02,True,0.8021
7243_03,True,0.8216
7243_04,False,0.1356
7243_05,True,0.7846
7244_01,True,0.8444
7245_01,True,0.8324
7248_01,False,0.1889
7248_02,True,0.9753
7251_01,True,0.7217
7254_01,False,0.128
7262_01,False,0.1075
7263_01,False,0.192
7264_01,False,0.0954
7265_01,False,0.1578
7266_01,False,0.2653
7266_02,True,0.7917
7266_03,True,0.8333
7269_01,False,0.1306
7269_02,True,0.5969
7272_01,True,0.72
7275_01,True,0.7889
7281_01,True,0.8772
7282_01,True,0.674
7286_01,False,0.1896
7287_01,True,0.984
7288_01,False,0.1265
7291_01,True,0.7602
7293_01,False,0.1767
7294_01,False,0.119
7295_01,False,0.3044
7295_02,False,0.1591
7299_01,False,0.4996
7308_01,True,0.992
7312_01,True,0.6243
7315_01,True,0.6215
7316_01,False,0.3388
7317_01,False,0.1243
7318_01,False,0.1291
7319_01,True,0.5014
7319_02,False,0.4898
7319_03,False,0.4053
7325_01,False,0.1081
7329_01,False,0.4829
7329_02,True,0.6855
7329_03,True,0.9545
7333_01,False,0.1348
7335_01,True,0.6704
7345_01,False,0.1329
7348_01,False,0.1452
7348_02,True,0.9813
7348_03,True,0.9453
7349_01,False,0.1333
7352_01,False,0.137
7354_01,True,0.9608
7354_02,True,0.8845
7354_03,True,0.9652
7354_04,False,0.0027
7354_05,True,0.9789
7354_06,False,0.1992
7355_01,False,0.0822
7357_01,True,0.8287
7362_01,False,0.1252
7363_01,False,0.4465
7364_01,False,0.4169
7368_01,True,0.9658
7369_01,False,0.0807
7373_01,True,0.9828
7373_02,True,0.9858
7375_01,False,0.4875
7378_01,False,0.0583
7380_01,True,0.8986
7380_02,True,0.9837
7380_03,False,0.0435
7380_04,True,0.9419
7381_01,True,0.713
7382_01,True,0.7357
7383_01,True,0.6691
7383_02,False,0.0915
7384_01,False,0.1032
7386_01,True,0.5584
7389_01,True,0.9711
7397_01,True,0.6503
7400_01,False,0.0947
7404_01,True,0.691
7407_01,False,0.449
7409_01,False,0.1212
7409_02,False,0.4633
7412_01,True,0.9946
7413_01,True,0.595
7413_02,False,0.4952
7414_01,False,0.0696
7415_01,False,0.1558
7417_01,False,0.0758
7417_02,False,0.166
7420_01,False,0.1167
7421_01,True,0.707
7421_02,False,0.4946
7423_01,False,0.108
7423_02,True,0.9585
7424_01,False,0.0527
7426_01,True,0.9919
7426_02,True,0.9917
7426_03,True,0.9956
7433_01,True,0.6411
7434_01,False,0.0945
7439_01,False,0.1207
7439_02,True,0.9909
7440_01,False,0.0966
7441_01,True,0.9738
7443_01,True,0.7544
7451_01,True,0.5254
7454_01,False,0.3191
7463_01,False,0.1447
7465_01,False,0.4933
7466_01,False,0.1095
7467_01,False,0.16
7468_01,True,0.5007
7469_01,False,0.1269
7470_01,True,0.7079
7471_01,True,0.6134
7471_02,False,0.1097
7473_01,False,0.1011
7473_02,False,0.1942
7474_01,True,0.6083
7476_01,True,0.6894
7480_01,False,0.1131
7482_01,True,0.9767
7482_02,False,0.076
7489_01,False,0.4681
7489_02,False,0.09
7489_03,False,0.3474
7491_01,True,0.595
7493_01,False,0.3963
7497_01,True,0.6825
7511_01,False,0.4001
7516_01,True,0.5002
7519_01,False,0.0993
7526_01,True,0.9749
7528_01,True,0.6309
7528_02,True,0.7821
7528_03,False,0.0743
7528_04,True,0.7705
7530_01,True,0.9921
7530_02,False,0.0454
7530_03,False,0.0443
7530_04,False,0.0031
7532_01,True,0.7647
7537_01,True,0.7466
7539_01,True,0.9833
7539_02,True,0.6603
7540_01,False,0.0902
7541_01,True,0.9674
7541_02,True,0.8173
7541_03,True,0.6369
7546_01,True,0.9905
7547_01,True,0.6912
7548_01,False,0.1425
7551_01,True,0.6401
7554_01,True,0.684
7555_01,False,0.1791
7556_01,True,0.9928
7556_02,True,0.9595
7556_03,False,0.3752
7556_04,True,0.9957
7557_01,False,0.1445
7557_02,True,0.9798
7557_03,True,0.975
7558_01,False,0.111
7558_02,True,0.966
7562_01,False,0.1478
7564_01,False,0.0844
7566_01,False,0.2566
7570_01,True,0.6326
7570_02,True,0.5441
7571_01,False,0.1261
7575_01,False,0.2462
7581_01,False,0.1116
7582_01,True,0.5842
7582_02,False,0.4328
7582_03,True,0.5715
7582_04,False,0.3148
7582_05,True,0.5859
7587_01,False,0.4257
7589_01,True,0.693
7590_01,True,0.7233
7591_01,True,0.6783
7591_02,False,0.3518
7593_01,True,0.9804
7597_01,True,0.5214
7597_02,True,0.5677
7597_03,False,0.0618
7597_04,True,0.5502
7597_05,False,0.1283
7597_06,False,0.4005
7597_07,False,0.0996
7600_01,True,0.9793
7600_02,False,0.2238
7602_01,True,0.9598
7603_01,True,0.7436
7607_01,False,0.1935
7610_01,True,0.692
7610_02,False,0.4115
7611_01,False,0.0615
7611_02,False,0.1159
7612_01,False,0.0953
7612_02,True,0.6806
7613_01,True,0.9714
7615_01,False,0.1351
7617_01,False,0.3327
7619_01,True,0.6103
7629_01,False,0.2873
7629_02,False,0.3399
7629_03,True,0.8458
7636_01,False,0.0719
7637_01,True,0.9454
7637_02,False,0.0436
7637_03,True,0.9453
7638_01,True,0.5709
7642_01,True,0.9728
7645_01,True,0.9913
7648_01,True,0.593
7651_01,True,0.9728
7653_01,False,0.09
7654_01,True,0.9838
7655_01,True,0.6135
7657_01,False,0.0769
7658_01,True,0.9573
7659_01,False,0.0894
7662_01,True,0.9715
7663_01,True,0.7765
7664_01,False,0.0996
7668_01,False,0.4521
7672_01,False,0.0059
7673_01,False,0.3159
7674_01,False,0.087
7675_01,False,0.2666
7681_01,True,0.5326
7685_01,True,0.6806
7686_01,True,0.7647
7695_01,False,0.4077
7701_01,False,0.1457
7704_01,True,0.8015
7706_01,True,0.9646
7718_01,True,0.9828
7722_01,False,0.3281
7725_01,True,0.9605
7726_01,True,0.5872
7730_01,False,0.1207
7732_01,False,0.0902
7733_01,False,0.1401
7734_01,False,0.3198
7735_01,False,0.082
7737_01,True,0.5709
7740_01,False,0.4876
7740_02,False,0.3523
7745_01,False,0.4683
7750_01,False,0.2025
7756_01,True,0.8779
7758_01,False,0.073
7759_01,True,0.5137
7762_01,False,0.1929
7765_01,True,0.7149
7765_02,True,0.6754
7765_03,True,0.687
7766_01,False,0.148
7772_01,True,0.5472
7779_01,True,0.6853
7781_01,False,0.1345
7792_01,True,0.9912
7792_02,True,0.9829
7792_03,True,0.991
7792_04,False,0.1146
7792_05,True,0.991
7794_01,False,0.0976
7795_01,False,0.1637
7795_02,True,0.5111
7796_01,False,0.0906
7798_01,False,0.1941
7798_02,True,0.7032
7799_01,False,0.4888
7804_01,False,0.0353
7807_01,True,0.6861
7811_01,True,0.6015
7814_01,False,0.3374
7817_01,False,0.1832
7819_01,True,0.6754
7822_01,False,0.255
7823_01,True,0.7496
7825_01,False,0.0152
7825_02,True,0.8688
7825_03,False,0.071
7826_01,True,0.9914
7827_01,True,0.9858
7836_01,False,0.1139
7838_01,True,0.9912
7844_01,False,0.093
7846_01,False,0.0056
7846_02,True,0.9913
7854_01,True,0.5515
7855_01,False,0.1883
7857_01,True,0.635
7860_01,False,0.1722
7862_01,True,0.5872
7867_01,False,0.3458
7869_01,False,0.0762
7874_01,False,0.2757
7874_02,True,0.7157
7876_01,False,0.27
7880_01,True,0.9594
7880_02,False,0.0586
7887_01,True,0.5312
7893_01,True,0.9908
7893_02,True,0.9952
7893_03,True,0.9952
7893_04,True,0.9949
7893_05,True,0.9911
7896_01,False,0.3721
7898_01,False,0.3806
7900_01,False,0.091
7906_01,False,0.1009
7909_01,False,0.1531
7909_02,False,0.0687
7911_01,True,0.6754
7912_01,False,0.1719
7915_01,True,0.5817
7915_02,False,0.1872
7915_03,True,0.5817
7917_01,True,0.5872
7921_01,False,0.4439
7921_02,False,0.1399
7923_01,False,0.2937
7925_01,True,0.5442
7927_01,True,0.5277
7927_02,False,0.4871
7927_03,False,0.2994
7928_01,False,0.374
7931_01,False,0.4903
7932_01,False,0.4098
7933_01,True,0.9205
7934_01,True,0.9455
7934_02,True,0.9738
7934_03,True,0.9438
7938_01,False,0.0821
7942_01,False,0.0536
7942_02,True,0.7271
7948_01,False,0.0759
7951_01,True,0.9877
7953_01,False,0.1294
7956_01,False,0.2889
7959_01,False,0.4565
7961_01,False,0.0822
7963_01,True,0.671
7963_02,False,0.3886
7963_03,True,0.7647
7964_01,True,0.9666
7965_01,True,0.6754
7966_01,False,0.1879
7969_01,True,0.7186
7971_01,True,0.9914
7971_02,False,0.0107
7975_01,True,0.9728
7977_01,False,0.3837
7978_01,True,0.5769
7978_02,False,0.061
7979_01,False,0.0992
7980_01,False,0.159
7991_01,False,0.003
7991_02,False,0.448
7991_03,True,0.9931
7991_04,True,0.9793
7992_01,True,0.9314
7997_01,True,0.7344
7998_01,True,0.9708
7998_02,True,0.9949
7998_03,True,0.9957
7998_04,True,0.9951
8001_01,False,0.2248
8002_01,False,0.196
8008_01,False,0.1209
8009_01,True,0.5379
8011_01,True,0.6189
8013_01,False,0.47
8017_01,False,0.0818
8022_01,False,0.4028
8028_01,False,0.134
8033_01,False,0.0589
8039_01,True,0.9275
8039_02,True,0.9738
8040_01,True,0.5438
8041_01,False,0.091
8041_02,True,0.9866
8044_01,True,0.9742
8045_01,False,0.3337
8047_01,True,0.9866
8048_01,True,0.9114
8051_01,True,0.7415
8051_02,True,0.655
8061_01,False,0.392
8061_02,True,0.5562
8062_01,False,0.101
8065_01,False,0.1591
8070_01,False,0.084
8073_01,True,0.5312
8074_01,True,0.546
8080_01,True,0.9209
8090_01,True,0.5872
8093_01,False,0.0956
8095_01,False,0.1577
8096_01,True,0.9715
8099_01,True,0.7049
8100_01,True,0.7034
8101_01,True,0.9662
8104_01,False,0.4733
8109_01,False,0.1315
8110_01,False,0.1171
8111_01,True,0.5858
8113_01,True,0.7289
8113_02,True,0.6012
8113_03,True,0.508
8113_04,False,0.121
8114_01,True,0.6162
8125_01,True,0.9945
8125_02,True,0.991
8126_01,False,0.1198
8127_01,False,0.3195
8132_01,False,0.0673
8134_01,True,0.5603
8142_01,True,0.9907
8145_01,True,0.5087
8146_01,True,0.654
8151_01,False,0.2184
8154_01,False,0.4777
8155_01,True,0.8851
8160_01,False,0.2249
8163_01,True,0.5595
8166_01,False,0.1423
8169_01,False,0.4771
8170_01,True,0.9771
8172_01,True,0.9662
8174_01,False,0.1765
8179_01,True,0.984
8180_01,False,0.09
8181_01,False,0.1543
8181_02,False,0.1164
8181_03,True,0.9591
8183_01,False,0.2017
8184_01,False,0.1111
8185_01,False,0.0372
8187_01,False,0.0741
8188_01,False,0.1026
8193_01,True,0.6861
8195_01,True,0.984
8196_01,False,0.1073
8196_02,True,0.655
8198_01,True,0.5472
8201_01,True,0.963
8206_01,False,0.0743
8215_01,True,0.8161
8223_01,True,0.655
8228_01,False,0.0394
8230_01,False,0.2293
8234_01,False,0.0436
8236_01,True,0.9882
8240_01,True,0.9671
8241_01,True,0.6441
8245_01,True,0.7111
8245_02,True,0.5283
8246_01,True,0.5463
8249_01,False,0.0836
8250_01,True,0.5709
8253_01,False,0.0075
8256_01,True,0.7927
8258_01,False,0.0641
8262_01,False,0.3447
8263_01,False,0.2123
8269_01,True,0.6353
8274_01,True,0.5129
8278_01,True,0.6741
8283_01,True,0.9842
8284_01,True,0.6639
8284_02,False,0.4478
8285_01,False,0.106
8286_01,True,0.9911
8290_01,True,0.9699
8293_01,False,0.0108
8296_01,True,0.9715
8299_01,False,0.1166
8304_01,False,0.1284
8304_02,True,0.9851
8304_03,True,0.5209
8305_01,True,0.9837
8305_02,True,0.9932
8305_03,True,0.9847
8308_01,False,0.0078
8309_01,False,0.2331
8311_01,False,0.0865
8312_01,True,0.9738
8325_01,True,0.6134
8325_02,False,0.0905
8327_01,False,0.0772
8331_01,False,0.4142
8337_01,False,0.2917
8340_01,False,0.1678
8340_02,True,0.882
8340_03,False,0.0641
8347_01,True,0.6082
8349_01,False,0.4429
8350_01,False,0.096
8351_01,False,0.0421
8352_01,False,0.0707
8353_01,False,0.2494
8355_01,True,0.9908
8357_01,True,0.9944
8357_02,True,0.9908
8358_01,False,0.1567
8359_01,False,0.0987
8361_01,False,0.0035
8361_02,False,0.0103
8361_03,True,0.968
8361_04,True,0.9921
8361_05,True,0.858
8364_01,True,0.6861
8367_01,False,0.3221
8370_01,True,0.9323
8370_02,False,0.0051
8372_01,True,0.9909
8385_01,True,0.974
8385_02,False,0.1343
8385_03,True,0.8868
8387_01,True,0.6569
8389_01,True,0.7344
8391_01,False,0.4435
8396_01,False,0.1243
8399_01,False,0.1467
8400_01,False,0.304
8400_02,True,0.6096
8400_03,False,0.002
8402_01,True,0.9822
8402_02,True,0.9812
8402_03,True,0.9812
8408_01,True,0.7148
8408_02,True,0.6834
8412_01,True,0.6314
8413_01,True,0.6741
8415_01,False,0.0745
8417_01,False,0.3955
8422_01,False,0.0891
8424_01,False,0.1637
8425_01,True,0.7636
8425_02,True,0.6305
8426_01,False,0.4793
8426_02,False,0.0479
8428_01,True,0.7197
8434_01,True,0.9642
8435_01,False,0.1756
8436_01,False,0.0742
8439_01,True,0.5709
8440_01,False,0.1466
8440_02,True,0.9866
8440_03,True,0.9782
8443_01,True,0.9558
8443_02,False,0.1873
8445_01,True,0.6675
8445_02,True,0.5323
8445_03,True,0.7024
8446_01,False,0.105
8450_01,True,0.9578
8450_02,False,0.2868
8450_03,True,0.9782
8453_01,True,0.5691
8455_01,False,0.2086
8461_01,False,0.0809
8464_01,False,0.0659
8464_02,True,0.9666
8473_01,True,0.6081
8473_02,False,0.0575
8478_01,True,0.6844
8478_02,False,0.0943
8484_01,True,0.9666
8485_01,True,0.5712
8488_01,False,0.4794
8490_01,False,0.0857
8496_01,False,0.1286
8497_01,False,0.4118
8498_01,False,0.1314
8499_01,True,0.6531
8501_01,True,0.6639
8505_01,False,0.056
8507_01,True,0.539
8510_01,False,0.2524
8510_02,True,0.9742
8513_01,False,0.1227
8515_01,False,0.315
8517_01,False,0.1622
8517_02,True,0.9572
8518_01,True,0.6593
8519_01,True,0.5089
8520_01,False,0.1003
8520_02,True,0.5207
8525_01,True,0.9719
8525_02,True,0.9911
8526_01,False,0.0685
8526_02,True,0.9129
8527_01,True,0.7049
8529_01,False,0.118
8531_01,True,0.5709
8532_01,False,0.1271
8533_01,True,0.546
8534_01,False,0.417
8534_02,True,0.7216
8534_03,True,0.6134
8534_04,False,0.2184
8538_01,False,0.0485
8543_01,True,0.5483
8543_02,True,0.6898
8543_03,False,0.2563
8543_04,False,0.0768
8543_05,False,0.1559
8543_06,False,0.111
8543_07,True,0.6517
8543_08,False,0.1159
8546_01,True,0.7186
8547_01,False,0.0904
8550_01,False,0.1304
8553_01,False,0.1141
8555_01,True,0.6196
8555_02,False,0.4384
8555_03,True,0.7784
8558_01,True,0.6096
8562_01,False,0.275
8563_01,False,0.0394
8564_01,False,0.0799
8565_01,True,0.6096
8565_02,True,0.5199
8565_03,False,0.127
8567_01,False,0.0058
8567_02,False,0.007
8567_03,False,0.0788
8568_01,True,0.9598
8568_02,True,0.9609
8575_01,False,0.4921
8576_01,True,0.9477
8578_01,False,0.1357
8579_01,True,0.9908
8582_01,True,0.6593
8583_01,True,0.974
8583_02,True,0.9811
8590_01,False,0.049
8591_01,True,0.5175
8593_01,False,0.0462
8600_01,True,0.6741
8601_01,False,0.1283
8608_01,True,0.7002
8621_01,True,0.8617
8622_01,False,0.1275
8625_01,False,0.0481
8627_01,False,0.1315
8630_01,True,0.7593
8632_01,True,0.5872
8632_02,False,0.4871
8647_01,True,0.9738
8648_01,True,0.5961
8648_02,False,0.3083
8648_03,True,0.5709
8649_01,False,0.1044
8651_01,False,0.156
8652_01,False,0.1214
8655_01,False,0.1045
8660_01,True,0.6193
8662_01,False,0.4384
8665_01,True,0.5709
8666_01,True,0.6134
8676_01,True,0.5878
8677_01,False,0.1053
8677_02,True,0.8698
8677_03,True,0.948
8678_01,True,0.6946
8678_02,False,0.4558
8679_01,True,0.5709
8682_01,False,0.0596
8686_01,True,0.8206
8689_01,False,0.4871
8690_01,False,0.0574
8690_02,False,0.4934
8692_01,True,0.9916
8692_02,False,0.0063
8692_03,True,0.9812
8697_01,True,0.6531
8698_01,True,0.5185
8699_01,True,0.5813
8702_01,False,0.4844
8705_01,True,0.7402
8706_01,False,0.107
8707_01,False,0.096
8711_01,False,0.3866
8713_01,False,0.0852
8713_02,True,0.9882
8715_01,True,0.5709
8718_01,False,0.1098
8724_01,False,0.0022
8725_01,True,0.5801
8726_01,True,0.965
8730_01,False,0.1076
8731_01,False,0.0121
8737_01,True,0.9678
8738_01,True,0.5283
8739_01,False,0.0053
8740_01,False,0.2172
8742_01,False,0.0736
8745_01,False,0.1064
8746_01,True,0.7344
8747_01,True,0.9666
8747_02,False,0.2075
8748_01,False,0.1362
8748_02,False,0.1572
8756_01,False,0.0044
8758_01,False,0.0904
8758_02,True,0.9376
8761_01,False,0.0766
8763_01,False,0.0561
8763_02,False,0.1183
8763_03,True,0.7627
8765_01,False,0.0721
8767_01,False,0.0034
8767_02,False,0.0058
8768_01,False,0.4766
8768_02,True,0.6686
8768_03,False,0.1412
8775_01,True,0.7
8777_01,False,0.0703
8778_01,True,0.965
8778_02,True,0.9827
8784_01,False,0.1603
8788_01,False,0.1456
8792_01,False,0.1872
8793_01,False,0.0394
8793_02,True,0.9876
8793_03,True,0.9898
8793_04,False,0.0027
8793_05,True,0.9838
8795_01,False,0.3135
8800_01,True,0.6335
8800_02,False,0.3728
8800_03,True,0.5225
8800_04,True,0.7564
8800_05,True,0.5515
8803_01,True,0.7049
8804_01,True,0.9715
8804_02,True,0.9704
8804_03,True,0.972
8804_04,False,0.3124
8804_05,False,0.0245
8810_01,False,0.1014
8814_01,True,0.5872
8829_01,True,0.6827
8832_01,False,0.1486
8837_01,False,0.1012
8839_01,True,0.8981
8839_02,False,0.2773
8846_01,False,0.0015
8846_02,True,0.5139
8847_01,True,0.5872
8851_01,True,0.7636
8855_01,False,0.1119
8857_01,True,0.7186
8859_01,False,0.1786
8866_01,True,0.7944
8870_01,True,0.9742
8870_02,False,0.0985
8873_01,True,0.5397
8873_02,False,0.0039
8873_03,True,0.9859
8875_01,True,0.9882
8875_02,False,0.0501
8875_03,True,0.9923
8877_01,True,0.9821
8877_02,True,0.9845
8879_01,True,0.5709
8882_01,False,0.1344
8887_01,True,0.8063
8888_01,False,0.1321
8893_01,True,0.9907
8893_02,True,0.9876
8895_01,True,0.9805
8895_02,False,0.0085
8898_01,False,0.1951
8908_01,True,0.7344
8909_01,False,0.4394
8911_01,True,0.5189
8912_01,True,0.6196
8913_01,True,0.5283
8913_02,True,0.6144
8913_03,True,0.5176
8914_01,False,0.306
8915_01,False,0.112
8916_01,True,0.5283
8917_01,True,0.6134
8921_01,True,0.9674
8924_01,True,0.9944
8925_01,True,0.9682
8925_02,True,0.9016
8925_03,True,0.9842
8925_04,True,0.9821
8925_05,True,0.9799
8925_06,False,0.0075
8927_01,True,0.8921
8929_01,False,0.2671
8931_01,False,0.1019
8933_01,False,0.2907
8934_01,False,0.0023
8935_01,True,0.7392
8936_01,False,0.0601
8943_01,False,0.2849
8946_01,True,0.9939
8949_01,False,0.1459
8950_01,False,0.1003
8951_01,False,0.0038
8952_01,False,0.4143
8953_01,False,0.3902
8957_01,False,0.0997
8958_01,True,0.5709
8960_01,True,0.633
8960_02,False,0.1022
8960_03,True,0.7818
8962_01,False,0.2151
8963_01,True,0.9664
8965_01,False,0.1634
8971_01,True,0.6556
8974_01,True,0.9904
8979_01,False,0.4406
8980_01,False,0.0971
8980_02,False,0.041
8980_03,True,0.9154
8980_04,False,0.0638
8980_05,False,0.0429
8980_06,True,0.9167
8980_07,True,0.9154
8984_01,False,0.1271
8990_01,False,0.4495
8991_01,False,0.4046
8994_01,False,0.0728
8994_02,True,0.9758
8995_01,False,0.0255
9000_01,False,0.1083
9002_01,False,0.085
9005_01,True,0.6134
9016_01,False,0.0649
9016_02,False,0.0262
9016_03,False,0.0012
9016_04,True,0.9912
9016_05,False,0.0191
9017_01,True,0.6096
9022_01,False,0.1642
9022_02,True,0.826
9022_03,True,0.9179
9025_01,False,0.0731
9025_02,True,0.7818
9027_01,False,0.0782
9033_01,True,0.6305
9039_01,True,0.5709
9040_01,False,0.0125
9044_01,False,0.2869
9045_01,False,0.1808
9045_02,False,0.2096
9047_01,True,0.5726
9050_01,True,0.5709
9051_01,False,0.1293
9053_01,True,0.9842
9053_02,True,0.9856
9054_01,True,0.6946
9055_01,False,0.2262
9056_01,False,0.1416
9058_01,False,0.1066
9062_01,False,0.0372
9062_02,True,0.8041
9063_01,True,0.9912
9065_01,True,0.9716
9067_01,False,0.0978
9067_02,True,0.5929
9070_01,False,0.2325
9070_02,True,0.5919
9082_01,False,0.1228
9083_01,True,0.965
9083_02,True,0.5621
9086_01,True,0.6593
9086_02,False,0.371
9087_01,False,0.1609
9088_01,True,0.9751
9090_01,False,0.029
9091_01,True,0.965
9092_01,False,0.1451
9093_01,False,0.0037
9095_01,False,0.1126
9096_01,True,0.6134
9096_02,True,0.6531
9100_01,False,0.0186
9102_01,True,0.9702
9105_01,True,0.5323
9109_01,True,0.5283
9113_01,True,0.9772
9117_01,False,0.168
9121_01,True,0.972
9123_01,True,0.9721
9133_01,True,0.5323
9135_01,False,0.2204
9138_01,False,0.2279
9143_01,False,0.0332
9143_02,False,0.3021
9143_03,False,0.1029
9146_01,False,0.1763
9146_02,False,0.1372
9146_03,True,0.9581
9147_01,True,0.5323
9153_01,False,0.2651
9154_01,True,0.6741
9155_01,False,0.172
9155_02,False,0.0665
9155_03,True,0.9824
9155_04,True,0.9819
9162_01,True,0.9571
9162_02,False,0.0146
9162_03,False,0.0267
9166_01,True,0.9833
9171_01,True,0.6776
9177_01,True,0.9872
9177_02,True,0.9904
9182_01,False,0.1159
9187_01,True,0.6301
9187_02,False,0.064
9191_01,True,0.6305
9198_01,False,0.1086
9200_01,False,0.2564
9204_01,False,0.1528
9206_01,True,0.9898
9206_02,False,0.0606
9206_03,True,0.9639
9207_01,True,0.9926
9209_01,False,0.2713
9210_01,False,0.2372
9212_01,False,0.0257
9212_02,True,0.5504
9214_01,False,0.0028
9215_01,True,0.9579
9216_01,False,0.1714
9223_01,True,0.9509
9223_02,True,0.9565
9228_01,False,0.1798
9229_01,False,0.4328
9232_01,False,0.1123
9236_01,True,0.6814
9238_01,False,0.293
9238_02,True,0.6643
9238_03,True,0.5459
9238_04,False,0.106
9238_05,True,0.6562
9238_06,True,0.7349
9238_07,False,0.4206
9240_01,False,0.2209
9243_01,True,0.8662
9245_01,False,0.173
9249_01,False,0.4319
9255_01,True,0.643
9258_01,True,0.8745
9260_01,True,0.7215
9262_01,False,0.4118
9263_01,True,0.6415
9265_01,True,0.9753
9266_01,True,0.7216
9266_02,True,0.6096
9269_01,False,0.3192
9271_01,True,0.961
9273_01,True,0.8309
9277_01,True,0.6768
